Workbook

Sheet Bar Chart Medians
A2: Mobility in First Twenty-Five Time Steps (# Out) | G2: Cumulative Cases | M2: Largest Peak in Cases | S2: Epidemic Duration
B3: Base Run | C3: Symptom Information | D3: Full Feedback | H3: Base Run | I3: Symptom Information | J3: Full Feedback | N3: Base Run | O3: Symptom Information | P3: Full Feedback | T3: Base Run | U3: Symptom Information | V3: Full Feedback
A4: Median | B4: ='# Out NF'!O38 -> 0.99992 | C4: ='# Out SF'!O46 -> 0.8781 | D4: ='# Out FF'!O209 -> 0.71816 | G4: Median | H4: ='New Infections NF'!B44 -> 998 | I4: ='New Infections SF'!B52 -> 775 | J4: ='New Infections FF'!B218 -> 377 | M4: Median | N4: ='New Infections NF'!B40 -> 189.5 | O4: ='New Infections SF'!B48 -> 94.5 | P4: ='New Infections FF'!B214 -> 20 | S4: Median | T4: =MEDIAN('# Out NF'!B37:K37) -> 24 | U4: 30.5 | V4: 87
A5: 10% Run | B5: ='# Out NF'!O39 -> 0.99872 | C5: ='# Out SF'!O47 -> 0.87388 | D5: ='# Out FF'!O210 -> 0.69932 | G5: 10% Run | H5: ='New Infections NF'!B45 -> 997 | I5: ='New Infections SF'!B53 -> 761 | J5: ='New Infections FF'!B219 -> 345 | M5: 10% Run | N5: ='New Infections NF'!B41 -> 178 | O5: ='New Infections SF'!B49 -> 87 | P5: ='New Infections FF'!B215 -> 17 | S5: 10% Run | T5: 22 | U5: 26 | V5: 75
A6: 90%Run | B6: ='# Out NF'!O40 -> 1 | C6: ='# Out SF'!O48 -> 0.87976 | D6: ='# Out FF'!O211 -> 0.73884 | G6: 90%Run | H6: ='New Infections NF'!B46 -> 999 | I6: ='New Infections SF'!B54 -> 793 | J6: ='New Infections FF'!B220 -> 478 | M6: 90%Run | N6: ='New Infections NF'!B42 -> 198 | O6: ='New Infections SF'!B50 -> 104 | P6: ='New Infections FF'!B216 -> 29 | S6: 90%Run | T6: 25 | U6: 33 | V6: 123
A8: Diff10% | B8: =B4-B5 -> 0.0012 | C8: =C4-C5 -> 0.00422 | D8: =D4-D5 -> 0.01884 | G8: Diff10% | H8: =H4-H5 -> 1 | I8: =I4-I5 -> 14 | J8: =J4-J5 -> 32 | M8: Diff10% | N8: =N4-N5 -> 11.5 | O8: =O4-O5 -> 7.5 | P8: =P4-P5 -> 3 | S8: Diff10% | T8: =T4-T5 -> 2 | U8: =U4-U5 -> 4.5 | V8: =V4-V5 -> 12
A9: Diff90% | B9: =B6-B4 -> 8e-05 | C9: =C6-C4 -> 0.00166 | D9: =D6-D4 -> 0.02068 | G9: Diff90% | H9: =H6-H4 -> 1 | I9: =I6-I4 -> 18 | J9: =J6-J4 -> 101 | M9: Diff90% | N9: =N6-N4 -> 8.5 | O9: =O6-O4 -> 9.5 | P9: =P6-P4 -> 9 | S9: Diff90% | T9: =T6-T4 -> 1 | U9: =U6-U4 -> 2.5 | V9: =V6-V4 -> 36

Sheet GraphsTime
AD1: Cumullative Sums | AE1: Base Run | AF1: Symptom Information | AG1: Full Feedback
AE2: ='New Infections NF'!N3 -> 2 | AF2: ='New Infections SF'!N3 -> 2 | AG2: ='New Infections FF'!N3 -> 2
AE3: ='New Infections NF'!N4 -> 4.1 | AF3: ='New Infections SF'!N4 -> 4 | AG3: ='New Infections FF'!N4 -> 4.2
AE4: ='New Infections NF'!N5 -> 7.8 | AF4: ='New Infections SF'!N5 -> 8.5 | AG4: ='New Infections FF'!N5 -> 8.4
AE5: ='New Infections NF'!N6 -> 15 | AF5: ='New Infections SF'!N6 -> 15 | AG5: ='New Infections FF'!N6 -> 15.3
AE6: ='New Infections NF'!N7 -> 30.3 | AF6: ='New Infections SF'!N7 -> 23.8 | AG6: ='New Infections FF'!N7 -> 22.5
AE7: ='New Infections NF'!N8 -> 57.6 | AF7: ='New Infections SF'!N8 -> 38.6 | AG7: ='New Infections FF'!N8 -> 32
AE8: ='New Infections NF'!N9 -> 112.2 | AF8: ='New Infections SF'!N9 -> 60.1 | AG8: ='New Infections FF'!N9 -> 41.9
AE9: ='New Infections NF'!N10 -> 196.5 | AF9: ='New Infections SF'!N10 -> 93.7 | AG9: ='New Infections FF'!N10 -> 52.8
AE10: ='New Infections NF'!N11 -> 329 | AF10: ='New Infections SF'!N11 -> 136.4 | AG10: ='New Infections FF'!N11 -> 62.7
AE11: ='New Infections NF'!N12 -> 504.4 | AF11: ='New Infections SF'!N12 -> 193.6 | AG11: ='New Infections FF'!N12 -> 71.9
AE12: ='New Infections NF'!N13 -> 686 | AF12: ='New Infections SF'!N13 -> 261.1 | AG12: ='New Infections FF'!N13 -> 82.8
AE13: ='New Infections NF'!N14 -> 832.6 | AF13: ='New Infections SF'!N14 -> 336.9 | AG13: ='New Infections FF'!N14 -> 92.1
... AE22: ='New Infections NF'!N23 -> 997.6 | AF22: ='New Infections SF'!N23 -> 693.3 | AG22: ='New Infections FF'!N23 -> 153.2
AF23: ='New Infections SF'!N24 -> 696.4 | AG23: ='New Infections FF'!N24 -> 159
AF24: ='New Infections SF'!N25 -> 698.5 | AG24: ='New Infections FF'!N25 -> 165.3
AF25: ='New Infections SF'!N26 -> 699.7 | AG25: ='New Infections FF'!N26 -> 170.2
AF26: ='New Infections SF'!N27 -> 700.5 | AG26: ='New Infections FF'!N27 -> 175.6
AF27: ='New Infections SF'!N28 -> 701 | AG27: ='New Infections FF'!N28 -> 183.3
AF28: ='New Infections SF'!N29 -> 701.2 | AG28: ='New Infections FF'!N29 -> 190.3
AF29: ='New Infections SF'!N30 -> 701.3 | AG29: ='New Infections FF'!N30 -> 198.1
AF30: ='New Infections SF'!N31 -> 701.4 | AG30: ='New Infections FF'!N31 -> 205.9
AF31: ='New Infections SF'!N32 -> 701.4 | AG31: ='New Infections FF'!N32 -> 212.9
AF32: ='New Infections SF'!N33 -> 701.4 | AG32: ='New Infections FF'!N33 -> 218.4
AF33: ='New Infections SF'!N34 -> 701.4 | AG33: ='New Infections FF'!N34 -> 221.9
AF34: ='New Infections SF'!N35 -> 701.4 | AG34: ='New Infections FF'!N35 -> 226.5
... AF36: ='New Infections SF'!N37 -> 701.4 | AG36: ='New Infections FF'!N37 -> 234.5
AG37: ='New Infections FF'!N38 -> 239.5
AG38: ='New Infections FF'!N39 -> 243.9
AG39: ='New Infections FF'!N40 -> 246.9
AG40: ='New Infections FF'!N41 -> 252
AG41: ='New Infections FF'!N42 -> 255.4
AG42: ='New Infections FF'!N43 -> 260.2
AG43: ='New Infections FF'!N44 -> 264.1
AG44: ='New Infections FF'!N45 -> 267.8
AG45: ='New Infections FF'!N46 -> 271.9
AG46: ='New Infections FF'!N47 -> 275.4
AG47: ='New Infections FF'!N48 -> 279.6
AG48: ='New Infections FF'!N49 -> 283.7
... AG199: ='New Infections FF'!N200 -> 381.7

Sheet Bar Graphs Means
B1: Base Run | C1: Symptom Information | D1: Full Feedback | O1: Base Run | P1: Symptom Information | Q1: Full Feedback | AF1: Base Run | AG1: Symptom Information | AH1: Full Feedback
B2: ='# Out NF'!O33 -> 0.999456 | C2: ='# Out SF'!O41 -> 0.889028 | D2: ='# Out FF'!O204 -> 0.716656 | N2: Average of Average for 25ts | O2: 997.6 | P2: 701.4 | Q2: 381.7 | Y2: Largest Peak in Cases | AD2: Epidemic Duration | AE2: Average | AF2: ='# Out NF'!D34-1 -> 23.9 | AG2: ='# Out SF'!D44-1 -> 28 | AH2: ='DNC4 FF'!F212-1 -> 98.5
B3: ='# Out NF'!O34 -> 0.99796 | C3: ='# Out SF'!O42 -> 0.87044 | D3: ='# Out FF'!O205 -> 0.6516 | F3: =B2-B3 -> 0.001496 | G3: =C2-C3 -> 0.018588 | H3: =D2-D3 -> 0.065056 | N3: Min run | O3: 993 | P3: 2 | Q3: 236 | S3: =O2-O3 -> 4.6 | T3: =P2-P3 -> 699.4 | U3: =Q2-Q3 -> 145.7 | AE3: Min | AF3: =23-1 -> 22 | AG3: =7-1 -> 6 | AH3: =54-1 -> 53 | AJ3: =AF2-AF3 -> 1.9 | AK3: =AG2-AG3 -> 22 | AL3: =AH2-AH3 -> 45.5
B4: ='# Out NF'!O35 -> 1 | C4: ='# Out SF'!O43 -> 0.99968 | D4: ='# Out FF'!O206 -> 0.75092 | F4: =B4-B2 -> 0.000544 | G4: =C4-C2 -> 0.110652 | H4: =D4-D2 -> 0.034264 | N4: Max run | O4: 1000 | P4: 812 | Q4: 503 | S4: =O4-O2 -> 2.4 | T4: =P4-P2 -> 110.6 | U4: =Q4-Q2 -> 121.3 | Z4: Base Run | AA4: Symptom Information | AB4: Full Feedback | AE4: Max | AF4: =27-1 -> 26 | AG4: =35-1 -> 34 | AH4: =198-1 -> 197 | AJ4: =AF4-AF2 -> 2.1 | AK4: =AG4-AG2 -> 6 | AL4: =AH4-AH2 -> 98.5
Y5: ='# Out NF'!N33 -> Average of Average for 25ts | Z5: ='New Infections NF'!P2 -> 202 | AA5: ='New Infections SF'!Q3 -> 114 | AB5: ='New Infections FF'!Q3 -> 34
U19: median peak, 80% CI
AE26: BAR without top 10 and low 10. so drop 2 runs for bar
M27: BAR without top 10 and low 10. so drop 2 runs for bar
Z41: Redo average of largest peaks

Sheet Mobility Curve FF
A1: ='DNC4 FF'!A1 -> DNC4 per timestep | N1: ='# Out NF'!A1 -> # Out per timestep | AB1: Mobility Curve Data
A2: ='DNC4 FF'!A2 -> Time Step | B2: ='DNC4 FF'!B2 -> Run 1 | C2: ='DNC4 FF'!C2 -> Run 2 | D2: ='DNC4 FF'!D2 -> Run 3 | E2: ='DNC4 FF'!E2 -> Run 4 | F2: ='DNC4 FF'!F2 -> Run 5 | G2: ='DNC4 FF'!G2 -> Run 6 | H2: ='DNC4 FF'!H2 -> Run 7 | ... L2: ='DNC4 FF'!L2 -> Average | N2: ='# Out FF'!A2 -> Time Step | O2: ='# Out FF'!B2 -> Run 1 | P2: ='# Out FF'!C2 -> Run 2 | Q2: ='# Out FF'!D2 -> Run 3 | R2: ='# Out FF'!E2 -> Run 4 | S2: ='# Out FF'!F2 -> Run 5 | T2: ='# Out FF'!G2 -> Run 6 | U2: ='# Out FF'!H2 -> Run 7 | ... Y2: ='# Out FF'!L2 -> Average | AB2: DNC | AC2: Out | AF2: % New Active Cases | AG2: Mobility | AH2: Best Fit Exp Line | AI2: Residuals
A3: ='DNC4 FF'!A3 -> 0 | B3: ='DNC4 FF'!B3 -> 0 | C3: ='DNC4 FF'!C3 -> 0 | D3: ='DNC4 FF'!D3 -> 0 | E3: ='DNC4 FF'!E3 -> 0 | F3: ='DNC4 FF'!F3 -> 0 | G3: ='DNC4 FF'!G3 -> 0 | H3: ='DNC4 FF'!H3 -> 0 | ... L3: ='DNC4 FF'!L3 -> 0 | N3: ='# Out FF'!A3 -> 0 | O3: ='# Out FF'!B3 -> 1000 | P3: ='# Out FF'!C3 -> 1000 | Q3: ='# Out FF'!D3 -> 1000 | R3: ='# Out FF'!E3 -> 1000 | S3: ='# Out FF'!F3 -> 1000 | T3: ='# Out FF'!G3 -> 1000 | U3: ='# Out FF'!H3 -> 1000 | ... Y3: ='# Out FF'!L3 -> 1000 | AB3: {=B3:B78} -> 0 | AC3: {=O4:O79} -> 998 | AF3: =AB3/1000 -> 0 | AG3: =AC3/1000 -> 0.998 | AH3: =0.891*EXP(-40.26*AF3) -> 0.891 | AI3: =AG3-AH3 -> 0.107
A4: ='DNC4 FF'!A4 -> 1 | B4: ='DNC4 FF'!B4 -> 0 | C4: ='DNC4 FF'!C4 -> 0 | D4: ='DNC4 FF'!D4 -> 0 | E4: ='DNC4 FF'!E4 -> 0 | F4: ='DNC4 FF'!F4 -> 0 | G4: ='DNC4 FF'!G4 -> 0 | H4: ='DNC4 FF'!H4 -> 0 | ... L4: ='DNC4 FF'!L4 -> 0 | N4: ='# Out FF'!A4 -> 1 | O4: ='# Out FF'!B4 -> 998 | P4: ='# Out FF'!C4 -> 996 | Q4: ='# Out FF'!D4 -> 995 | R4: ='# Out FF'!E4 -> 998 | S4: ='# Out FF'!F4 -> 997 | T4: ='# Out FF'!G4 -> 997 | U4: ='# Out FF'!H4 -> 995 | ... Y4: ='# Out FF'!L4 -> 996.9 | AB4: 0 | AC4: 997 | AF4: =AB4/1000 -> 0 | AG4: =AC4/1000 -> 0.997 | AH4: =0.891*EXP(-40.26*AF4) -> 0.891 | AI4: =AG4-AH4 -> 0.106
A5: ='DNC4 FF'!A5 -> 2 | B5: ='DNC4 FF'!B5 -> 0 | C5: ='DNC4 FF'!C5 -> 0 | D5: ='DNC4 FF'!D5 -> 0 | E5: ='DNC4 FF'!E5 -> 0 | F5: ='DNC4 FF'!F5 -> 0 | G5: ='DNC4 FF'!G5 -> 0 | H5: ='DNC4 FF'!H5 -> 0 | ... L5: ='DNC4 FF'!L5 -> 0 | N5: ='# Out FF'!A5 -> 2 | O5: ='# Out FF'!B5 -> 997 | P5: ='# Out FF'!C5 -> 996 | Q5: ='# Out FF'!D5 -> 994 | R5: ='# Out FF'!E5 -> 999 | S5: ='# Out FF'!F5 -> 998 | T5: ='# Out FF'!G5 -> 997 | U5: ='# Out FF'!H5 -> 997 | ... Y5: ='# Out FF'!L5 -> 997.2 | AB5: 0 | AC5: 999 | AF5: =AB5/1000 -> 0 | AG5: =AC5/1000 -> 0.999 | AH5: =0.891*EXP(-40.26*AF5) -> 0.891 | AI5: =AG5-AH5 -> 0.108
A6: ='DNC4 FF'!A6 -> 3 | B6: ='DNC4 FF'!B6 -> 2 | C6: ='DNC4 FF'!C6 -> 2 | D6: ='DNC4 FF'!D6 -> 2 | E6: ='DNC4 FF'!E6 -> 2 | F6: ='DNC4 FF'!F6 -> 2 | G6: ='DNC4 FF'!G6 -> 2 | H6: ='DNC4 FF'!H6 -> 2 | ... L6: ='DNC4 FF'!L6 -> 2 | N6: ='# Out FF'!A6 -> 3 | O6: ='# Out FF'!B6 -> 999 | P6: ='# Out FF'!C6 -> 998 | Q6: ='# Out FF'!D6 -> 994 | R6: ='# Out FF'!E6 -> 999 | S6: ='# Out FF'!F6 -> 996 | T6: ='# Out FF'!G6 -> 997 | U6: ='# Out FF'!H6 -> 997 | ... Y6: ='# Out FF'!L6 -> 997.3 | AB6: 2 | AC6: 782 | AF6: =AB6/1000 -> 0.002 | AG6: =AC6/1000 -> 0.782 | AH6: =0.891*EXP(-40.26*AF6) -> 0.82206908 | AI6: =AG6-AH6 -> -0.040069078
A7: ='DNC4 FF'!A7 -> 4 | B7: ='DNC4 FF'!B7 -> 3 | C7: ='DNC4 FF'!C7 -> 1 | D7: ='DNC4 FF'!D7 -> 4 | E7: ='DNC4 FF'!E7 -> 0 | F7: ='DNC4 FF'!F7 -> 2 | G7: ='DNC4 FF'!G7 -> 0 | H7: ='DNC4 FF'!H7 -> 1 | ... L7: ='DNC4 FF'!L7 -> 2.2 | N7: ='# Out FF'!A7 -> 4 | O7: ='# Out FF'!B7 -> 782 | P7: ='# Out FF'!C7 -> 796 | Q7: ='# Out FF'!D7 -> 775 | R7: ='# Out FF'!E7 -> 791 | S7: ='# Out FF'!F7 -> 787 | T7: ='# Out FF'!G7 -> 793 | U7: ='# Out FF'!H7 -> 775 | ... Y7: ='# Out FF'!L7 -> 785.4 | AB7: 3 | AC7: 771 | AF7: =AB7/1000 -> 0.003 | AG7: =AC7/1000 -> 0.771 | AH7: =0.891*EXP(-40.26*AF7) -> 0.78962996 | AI7: =AG7-AH7 -> -0.018629957
A8: ='DNC4 FF'!A8 -> 5 | B8: ='DNC4 FF'!B8 -> 9 | C8: ='DNC4 FF'!C8 -> 4 | D8: ='DNC4 FF'!D8 -> 5 | E8: ='DNC4 FF'!E8 -> 3 | F8: ='DNC4 FF'!F8 -> 5 | G8: ='DNC4 FF'!G8 -> 2 | H8: ='DNC4 FF'!H8 -> 2 | ... L8: ='DNC4 FF'!L8 -> 4.2 | N8: ='# Out FF'!A8 -> 5 | O8: ='# Out FF'!B8 -> 771 | P8: ='# Out FF'!C8 -> 807 | Q8: ='# Out FF'!D8 -> 786 | R8: ='# Out FF'!E8 -> 995 | S8: ='# Out FF'!F8 -> 794 | T8: ='# Out FF'!G8 -> 995 | U8: ='# Out FF'!H8 -> 803 | ... Y8: ='# Out FF'!L8 -> 805.5 | AB8: 9 | AC8: 710 | AF8: =AB8/1000 -> 0.009 | AG8: =AC8/1000 -> 0.71 | AH8: =0.891*EXP(-40.26*AF8) -> 0.62017669 | AI8: =AG8-AH8 -> 0.089823306
A9: ='DNC4 FF'!A9 -> 6 | B9: ='DNC4 FF'!B9 -> 8 | C9: ='DNC4 FF'!C9 -> 10 | D9: ='DNC4 FF'!D9 -> 9 | E9: ='DNC4 FF'!E9 -> 8 | F9: ='DNC4 FF'!F9 -> 6 | G9: ='DNC4 FF'!G9 -> 2 | H9: ='DNC4 FF'!H9 -> 5 | ... L9: ='DNC4 FF'!L9 -> 6.9 | N9: ='# Out FF'!A9 -> 6 | O9: ='# Out FF'!B9 -> 710 | P9: ='# Out FF'!C9 -> 795 | Q9: ='# Out FF'!D9 -> 532 | R9: ='# Out FF'!E9 -> 766 | S9: ='# Out FF'!F9 -> 533 | T9: ='# Out FF'!G9 -> 802 | U9: ='# Out FF'!H9 -> 772 | ... Y9: ='# Out FF'!L9 -> 720.9 | AB9: 8 | AC9: 658 | AF9: =AB9/1000 -> 0.008 | AG9: =AC9/1000 -> 0.658 | AH9: =0.891*EXP(-40.26*AF9) -> 0.64565443 | AI9: =AG9-AH9 -> 0.012345567
A10: ='DNC4 FF'!A10 -> 7 | B10: ='DNC4 FF'!B10 -> 13 | C10: ='DNC4 FF'!C10 -> 16 | D10: ='DNC4 FF'!D10 -> 7 | E10: ='DNC4 FF'!E10 -> 7 | F10: ='DNC4 FF'!F10 -> 8 | G10: ='DNC4 FF'!G10 -> 3 | H10: ='DNC4 FF'!H10 -> 4 | ... L10: ='DNC4 FF'!L10 -> 7.2 | N10: ='# Out FF'!A10 -> 7 | O10: ='# Out FF'!B10 -> 658 | P10: ='# Out FF'!C10 -> 842 | Q10: ='# Out FF'!D10 -> 713 | R10: ='# Out FF'!E10 -> 687 | S10: ='# Out FF'!F10 -> 748 | T10: ='# Out FF'!G10 -> 794 | U10: ='# Out FF'!H10 -> 550 | ... Y10: ='# Out FF'!L10 -> 678.6 | AB10: 13 | AC10: 453 | AF10: =AB10/1000 -> 0.013 | AG10: =AC10/1000 -> 0.453 | AH10: =0.891*EXP(-40.26*AF10) -> 0.52793038 | AI10: =AG10-AH10 -> -0.074930384
A11: ='DNC4 FF'!A11 -> 8 | B11: ='DNC4 FF'!B11 -> 15 | C11: ='DNC4 FF'!C11 -> 15 | D11: ='DNC4 FF'!D11 -> 7 | E11: ='DNC4 FF'!E11 -> 19 | F11: ='DNC4 FF'!F11 -> 10 | G11: ='DNC4 FF'!G11 -> 8 | H11: ='DNC4 FF'!H11 -> 2 | ... L11: ='DNC4 FF'!L11 -> 9.5 | N11: ='# Out FF'!A11 -> 8 | O11: ='# Out FF'!B11 -> 453 | P11: ='# Out FF'!C11 -> 458 | Q11: ='# Out FF'!D11 -> 759 | R11: ='# Out FF'!E11 -> 745 | S11: ='# Out FF'!F11 -> 685 | T11: ='# Out FF'!G11 -> 782 | U11: ='# Out FF'!H11 -> 767 | ... Y11: ='# Out FF'!L11 -> 668.4 | AB11: 15 | AC11: 346 | AF11: =AB11/1000 -> 0.015 | AG11: =AC11/1000 -> 0.346 | AH11: =0.891*EXP(-40.26*AF11) -> 0.48708782 | AI11: =AG11-AH11 -> -0.14108782
A12: ='DNC4 FF'!A12 -> 9 | B12: ='DNC4 FF'!B12 -> 20 | C12: ='DNC4 FF'!C12 -> 18 | D12: ='DNC4 FF'!D12 -> 6 | E12: ='DNC4 FF'!E12 -> 15 | F12: ='DNC4 FF'!F12 -> 10 | G12: ='DNC4 FF'!G12 -> 4 | H12: ='DNC4 FF'!H12 -> 5 | ... L12: ='DNC4 FF'!L12 -> 9.9 | N12: ='# Out FF'!A12 -> 9 | O12: ='# Out FF'!B12 -> 346 | P12: ='# Out FF'!C12 -> 382 | Q12: ='# Out FF'!D12 -> 755 | R12: ='# Out FF'!E12 -> 484 | S12: ='# Out FF'!F12 -> 841 | T12: ='# Out FF'!G12 -> 702 | U12: ='# Out FF'!H12 -> 766 | ... Y12: ='# Out FF'!L12 -> 631.7 | AB12: 20 | AC12: 511 | AF12: =AB12/1000 -> 0.02 | AG12: =AC12/1000 -> 0.511 | AH12: =0.891*EXP(-40.26*AF12) -> 0.39827568 | AI12: =AG12-AH12 -> 0.11272432
A13: ='DNC4 FF'!A13 -> 10 | B13: ='DNC4 FF'!B13 -> 16 | C13: ='DNC4 FF'!C13 -> 26 | D13: ='DNC4 FF'!D13 -> 12 | E13: ='DNC4 FF'!E13 -> 15 | F13: ='DNC4 FF'!F13 -> 9 | G13: ='DNC4 FF'!G13 -> 10 | H13: ='DNC4 FF'!H13 -> 2 | ... L13: ='DNC4 FF'!L13 -> 10.9 | N13: ='# Out FF'!A13 -> 10 | O13: ='# Out FF'!B13 -> 511 | P13: ='# Out FF'!C13 -> 530 | Q13: ='# Out FF'!D13 -> 722 | R13: ='# Out FF'!E13 -> 345 | S13: ='# Out FF'!F13 -> 847 | T13: ='# Out FF'!G13 -> 787 | U13: ='# Out FF'!H13 -> 551 | ... Y13: ='# Out FF'!L13 -> 630.3 | AB13: 16 | AC13: 447 | AF13: =AB13/1000 -> 0.016 | AG13: =AC13/1000 -> 0.447 | AH13: =0.891*EXP(-40.26*AF13) -> 0.46786717 | AI13: =AG13-AH13 -> -0.020867168
A14: ='DNC4 FF'!A14 -> 11 | B14: ='DNC4 FF'!B14 -> 13 | C14: ='DNC4 FF'!C14 -> 7 | D14: ='DNC4 FF'!D14 -> 11 | E14: ='DNC4 FF'!E14 -> 20 | F14: ='DNC4 FF'!F14 -> 15 | G14: ='DNC4 FF'!G14 -> 12 | H14: ='DNC4 FF'!H14 -> 7 | ... L14: ='DNC4 FF'!L14 -> 9.9 | N14: ='# Out FF'!A14 -> 11 | O14: ='# Out FF'!B14 -> 447 | P14: ='# Out FF'!C14 -> 284 | Q14: ='# Out FF'!D14 -> 536 | R14: ='# Out FF'!E14 -> 335 | S14: ='# Out FF'!F14 -> 686 | T14: ='# Out FF'!G14 -> 829 | U14: ='# Out FF'!H14 -> 759 | ... Y14: ='# Out FF'!L14 -> 587.8 | AB14: 13 | AC14: 439 | AF14: =AB14/1000 -> 0.013 | AG14: =AC14/1000 -> 0.439 | AH14: =0.891*EXP(-40.26*AF14) -> 0.52793038 | AI14: =AG14-AH14 -> -0.088930384
A15: ='DNC4 FF'!A15 -> 12 | B15: ='DNC4 FF'!B15 -> 5 | C15: ='DNC4 FF'!C15 -> 4 | D15: ='DNC4 FF'!D15 -> 18 | E15: ='DNC4 FF'!E15 -> 14 | F15: ='DNC4 FF'!F15 -> 17 | G15: ='DNC4 FF'!G15 -> 14 | H15: ='DNC4 FF'!H15 -> 6 | ... L15: ='DNC4 FF'!L15 -> 9.2 | N15: ='# Out FF'!A15 -> 12 | O15: ='# Out FF'!B15 -> 439 | P15: ='# Out FF'!C15 -> 741 | Q15: ='# Out FF'!D15 -> 652 | R15: ='# Out FF'!E15 -> 504 | S15: ='# Out FF'!F15 -> 366 | T15: ='# Out FF'!G15 -> 580 | U15: ='# Out FF'!H15 -> 763 | ... Y15: ='# Out FF'!L15 -> 634.8 | AB15: 5 | AC15: 535 | AF15: =AB15/1000 -> 0.005 | AG15: =AC15/1000 -> 0.535 | AH15: =0.891*EXP(-40.26*AF15) -> 0.72854138 | AI15: =AG15-AH15 -> -0.19354138
... A78: ='DNC4 FF'!A78 -> 75 | B78: ='DNC4 FF'!B78 -> 0 | C78: ='DNC4 FF'!C78 -> 0 | D78: ='DNC4 FF'!D78 -> #REF! | E78: ='DNC4 FF'!E78 -> 0 | F78: ='DNC4 FF'!F78 -> 0 | G78: ='DNC4 FF'!G78 -> 1 | H78: ='DNC4 FF'!H78 -> 8 | ... L78: ='DNC4 FF'!L78 -> #REF! | N78: ='# Out FF'!A78 -> 75 | O78: ='# Out FF'!B78 -> 999 | P78: ='# Out FF'!C78 -> 996 | Q78: ='# Out FF'!D78 -> 1000 | R78: ='# Out FF'!E78 -> 996 | S78: ='# Out FF'!F78 -> 790 | T78: ='# Out FF'!G78 -> 810 | U78: ='# Out FF'!H78 -> 774 | ... Y78: ='# Out FF'!L78 -> 893.6 | AB78: 0 | AC78: 999 | AF78: =AB78/1000 -> 0 | AG78: =AC78/1000 -> 0.999 | AH78: =0.891*EXP(-40.26*AF78) -> 0.891 | AI78: =AG78-AH78 -> 0.108
A79: ='DNC4 FF'!A79 -> 76 | B79: ='DNC4 FF'!B79 -> 0 | C79: ='DNC4 FF'!C79 -> #REF! | D79: ='DNC4 FF'!D79 -> #REF! | E79: ='DNC4 FF'!E79 -> 0 | F79: ='DNC4 FF'!F79 -> 2 | G79: ='DNC4 FF'!G79 -> 4 | H79: ='DNC4 FF'!H79 -> 0 | ... L79: ='DNC4 FF'!L79 -> #REF! | N79: ='# Out FF'!A79 -> 76 | O79: ='# Out FF'!B79 -> 999 | P79: ='# Out FF'!C79 -> 1000 | Q79: ='# Out FF'!D79 -> 1000 | R79: ='# Out FF'!E79 -> 998 | S79: ='# Out FF'!F79 -> 995 | T79: ='# Out FF'!G79 -> 791 | U79: ='# Out FF'!H79 -> 697 | ... Y79: ='# Out FF'!L79 -> 905.6 | AB79: {=C3:C77} -> 0 | AC79: {=P4:P78} -> 996 | AF79: =AB79/1000 -> 0 | AG79: =AC79/1000 -> 0.996 | AH79: =0.891*EXP(-40.26*AF79) -> 0.891 | AI79: =AG79-AH79 -> 0.105
A80: ='DNC4 FF'!A80 -> 77 | B80: ='DNC4 FF'!B80 -> #REF! | C80: ='DNC4 FF'!C80 -> #REF! | D80: ='DNC4 FF'!D80 -> #REF! | E80: ='DNC4 FF'!E80 -> #REF! | F80: ='DNC4 FF'!F80 -> 4 | G80: ='DNC4 FF'!G80 -> 2 | H80: ='DNC4 FF'!H80 -> 2 | ... L80: ='DNC4 FF'!L80 -> #REF! | N80: ='# Out FF'!A80 -> 77 | O80: ='# Out FF'!B80 -> 1000 | P80: ='# Out FF'!C80 -> 1000 | Q80: ='# Out FF'!D80 -> 1000 | R80: ='# Out FF'!E80 -> 1000 | S80: ='# Out FF'!F80 -> 787 | T80: ='# Out FF'!G80 -> 803 | U80: ='# Out FF'!H80 -> 986 | ... Y80: ='# Out FF'!L80 -> 935.6 | AB80: 0 | AC80: 996 | AF80: =AB80/1000 -> 0 | AG80: =AC80/1000 -> 0.996 | AH80: =0.891*EXP(-40.26*AF80) -> 0.891 | AI80: =AG80-AH80 -> 0.105
A81: ='DNC4 FF'!A81 -> 78 | B81: ='DNC4 FF'!B81 -> #REF! | C81: ='DNC4 FF'!C81 -> #REF! | D81: ='DNC4 FF'!D81 -> #REF! | E81: ='DNC4 FF'!E81 -> #REF! | F81: ='DNC4 FF'!F81 -> 2 | G81: ='DNC4 FF'!G81 -> 2 | H81: ='DNC4 FF'!H81 -> 1 | ... L81: ='DNC4 FF'!L81 -> #REF! | N81: ='# Out FF'!A81 -> 78 | O81: ='# Out FF'!B81 -> 1000 | P81: ='# Out FF'!C81 -> 1000 | Q81: ='# Out FF'!D81 -> 1000 | R81: ='# Out FF'!E81 -> 1000 | S81: ='# Out FF'!F81 -> 786 | T81: ='# Out FF'!G81 -> 790 | U81: ='# Out FF'!H81 -> 769 | ... Y81: ='# Out FF'!L81 -> 890.1 | AB81: 0 | AC81: 998 | AF81: =AB81/1000 -> 0 | AG81: =AC81/1000 -> 0.998 | AH81: =0.891*EXP(-40.26*AF81) -> 0.891 | AI81: =AG81-AH81 -> 0.107
A82: ='DNC4 FF'!A82 -> 79 | B82: ='DNC4 FF'!B82 -> #REF! | C82: ='DNC4 FF'!C82 -> #REF! | D82: ='DNC4 FF'!D82 -> #REF! | E82: ='DNC4 FF'!E82 -> #REF! | F82: ='DNC4 FF'!F82 -> 4 | G82: ='DNC4 FF'!G82 -> 1 | H82: ='DNC4 FF'!H82 -> 0 | ... L82: ='DNC4 FF'!L82 -> #REF! | N82: ='# Out FF'!A82 -> 79 | O82: ='# Out FF'!B82 -> 1000 | P82: ='# Out FF'!C82 -> 1000 | Q82: ='# Out FF'!D82 -> 1000 | R82: ='# Out FF'!E82 -> 1000 | S82: ='# Out FF'!F82 -> 783 | T82: ='# Out FF'!G82 -> 796 | U82: ='# Out FF'!H82 -> 819 | ... Y82: ='# Out FF'!L82 -> 889.6 | AB82: 2 | AC82: 796 | AF82: =AB82/1000 -> 0.002 | AG82: =AC82/1000 -> 0.796 | AH82: =0.891*EXP(-40.26*AF82) -> 0.82206908 | AI82: =AG82-AH82 -> -0.026069078
A83: ='DNC4 FF'!A83 -> 80 | B83: ='DNC4 FF'!B83 -> #REF! | C83: ='DNC4 FF'!C83 -> #REF! | D83: ='DNC4 FF'!D83 -> #REF! | E83: ='DNC4 FF'!E83 -> #REF! | F83: ='DNC4 FF'!F83 -> 3 | G83: ='DNC4 FF'!G83 -> 3 | H83: ='DNC4 FF'!H83 -> 1 | ... L83: ='DNC4 FF'!L83 -> #REF! | N83: ='# Out FF'!A83 -> 80 | O83: ='# Out FF'!B83 -> 1000 | P83: ='# Out FF'!C83 -> 1000 | Q83: ='# Out FF'!D83 -> 1000 | R83: ='# Out FF'!E83 -> 1000 | S83: ='# Out FF'!F83 -> 785 | T83: ='# Out FF'!G83 -> 786 | U83: ='# Out FF'!H83 -> 995 | ... Y83: ='# Out FF'!L83 -> 891.7 | AB83: 1 | AC83: 807 | AF83: =AB83/1000 -> 0.001 | AG83: =AC83/1000 -> 0.807 | AH83: =0.891*EXP(-40.26*AF83) -> 0.85584084 | AI83: =AG83-AH83 -> -0.048840843
A84: ='DNC4 FF'!A84 -> 81 | B84: ='DNC4 FF'!B84 -> #REF! | C84: ='DNC4 FF'!C84 -> #REF! | D84: ='DNC4 FF'!D84 -> #REF! | E84: ='DNC4 FF'!E84 -> #REF! | F84: ='DNC4 FF'!F84 -> 1 | G84: ='DNC4 FF'!G84 -> 3 | H84: ='DNC4 FF'!H84 -> 0 | ... L84: ='DNC4 FF'!L84 -> #REF! | N84: ='# Out FF'!A84 -> 81 | O84: ='# Out FF'!B84 -> 1000 | P84: ='# Out FF'!C84 -> 1000 | Q84: ='# Out FF'!D84 -> 1000 | R84: ='# Out FF'!E84 -> 1000 | S84: ='# Out FF'!F84 -> 761 | T84: ='# Out FF'!G84 -> 789 | U84: ='# Out FF'!H84 -> 808 | ... Y84: ='# Out FF'!L84 -> 860.3 | AB84: 4 | AC84: 795 | AF84: =AB84/1000 -> 0.004 | AG84: =AC84/1000 -> 0.795 | AH84: =0.891*EXP(-40.26*AF84) -> 0.7584709 | AI84: =AG84-AH84 -> 0.036529104
A85: ='DNC4 FF'!A85 -> 82 | B85: ='DNC4 FF'!B85 -> #REF! | C85: ='DNC4 FF'!C85 -> #REF! | D85: ='DNC4 FF'!D85 -> #REF! | E85: ='DNC4 FF'!E85 -> #REF! | F85: ='DNC4 FF'!F85 -> 2 | G85: ='DNC4 FF'!G85 -> 1 | H85: ='DNC4 FF'!H85 -> 0 | ... L85: ='DNC4 FF'!L85 -> #REF! | N85: ='# Out FF'!A85 -> 82 | O85: ='# Out FF'!B85 -> 1000 | P85: ='# Out FF'!C85 -> 1000 | Q85: ='# Out FF'!D85 -> 1000 | R85: ='# Out FF'!E85 -> 1000 | S85: ='# Out FF'!F85 -> 796 | T85: ='# Out FF'!G85 -> 786 | U85: ='# Out FF'!H85 -> 996 | ... Y85: ='# Out FF'!L85 -> 910.4 | AB85: 10 | AC85: 842 | AF85: =AB85/1000 -> 0.01 | AG85: =AC85/1000 -> 0.842 | AH85: =0.891*EXP(-40.26*AF85) -> 0.59570431 | AI85: =AG85-AH85 -> 0.24629569
A86: ='DNC4 FF'!A86 -> 83 | B86: ='DNC4 FF'!B86 -> #REF! | C86: ='DNC4 FF'!C86 -> #REF! | D86: ='DNC4 FF'!D86 -> #REF! | E86: ='DNC4 FF'!E86 -> #REF! | F86: ='DNC4 FF'!F86 -> 0 | G86: ='DNC4 FF'!G86 -> 2 | H86: ='DNC4 FF'!H86 -> 2 | ... L86: ='DNC4 FF'!L86 -> #REF! | N86: ='# Out FF'!A86 -> 83 | O86: ='# Out FF'!B86 -> 1000 | P86: ='# Out FF'!C86 -> 1000 | Q86: ='# Out FF'!D86 -> 1000 | R86: ='# Out FF'!E86 -> 1000 | S86: ='# Out FF'!F86 -> 788 | T86: ='# Out FF'!G86 -> 787 | U86: ='# Out FF'!H86 -> 997 | ... Y86: ='# Out FF'!L86 -> 913.5 | AB86: 16 | AC86: 458 | AF86: =AB86/1000 -> 0.016 | AG86: =AC86/1000 -> 0.458 | AH86: =0.891*EXP(-40.26*AF86) -> 0.46786717 | AI86: =AG86-AH86 -> -0.0098671684
A87: ='DNC4 FF'!A87 -> 84 | B87: ='DNC4 FF'!B87 -> #REF! | C87: ='DNC4 FF'!C87 -> #REF! | D87: ='DNC4 FF'!D87 -> #REF! | E87: ='DNC4 FF'!E87 -> #REF! | F87: ='DNC4 FF'!F87 -> 0 | G87: ='DNC4 FF'!G87 -> 0 | H87: ='DNC4 FF'!H87 -> 1 | ... L87: ='DNC4 FF'!L87 -> #REF! | N87: ='# Out FF'!A87 -> 84 | O87: ='# Out FF'!B87 -> 1000 | P87: ='# Out FF'!C87 -> 1000 | Q87: ='# Out FF'!D87 -> 1000 | R87: ='# Out FF'!E87 -> 1000 | S87: ='# Out FF'!F87 -> 996 | T87: ='# Out FF'!G87 -> 797 | U87: ='# Out FF'!H87 -> 782 | ... Y87: ='# Out FF'!L87 -> 893.4 | AB87: 15 | AC87: 382 | AF87: =AB87/1000 -> 0.015 | AG87: =AC87/1000 -> 0.382 | AH87: =0.891*EXP(-40.26*AF87) -> 0.48708782 | AI87: =AG87-AH87 -> -0.10508782
A88: ='DNC4 FF'!A88 -> 85 | B88: ='DNC4 FF'!B88 -> #REF! | C88: ='DNC4 FF'!C88 -> #REF! | D88: ='DNC4 FF'!D88 -> #REF! | E88: ='DNC4 FF'!E88 -> #REF! | F88: ='DNC4 FF'!F88 -> 0 | G88: ='DNC4 FF'!G88 -> 0 | H88: ='DNC4 FF'!H88 -> 0 | ... L88: ='DNC4 FF'!L88 -> #REF! | N88: ='# Out FF'!A88 -> 85 | O88: ='# Out FF'!B88 -> 1000 | P88: ='# Out FF'!C88 -> 1000 | Q88: ='# Out FF'!D88 -> 1000 | R88: ='# Out FF'!E88 -> 1000 | S88: ='# Out FF'!F88 -> 995 | T88: ='# Out FF'!G88 -> 996 | U88: ='# Out FF'!H88 -> 812 | ... Y88: ='# Out FF'!L88 -> 938.8 | AB88: 18 | AC88: 530 | AF88: =AB88/1000 -> 0.018 | AG88: =AC88/1000 -> 0.53 | AH88: =0.891*EXP(-40.26*AF88) -> 0.4316713 | AI88: =AG88-AH88 -> 0.098328696
A89: ='DNC4 FF'!A89 -> 86 | B89: ='DNC4 FF'!B89 -> #REF! | C89: ='DNC4 FF'!C89 -> #REF! | D89: ='DNC4 FF'!D89 -> #REF! | E89: ='DNC4 FF'!E89 -> #REF! | F89: ='DNC4 FF'!F89 -> #REF! | G89: ='DNC4 FF'!G89 -> 0 | H89: ='DNC4 FF'!H89 -> 1 | ... L89: ='DNC4 FF'!L89 -> #REF! | N89: ='# Out FF'!A89 -> 86 | O89: ='# Out FF'!B89 -> 1000 | P89: ='# Out FF'!C89 -> 1000 | Q89: ='# Out FF'!D89 -> 1000 | R89: ='# Out FF'!E89 -> 1000 | S89: ='# Out FF'!F89 -> 1000 | T89: ='# Out FF'!G89 -> 996 | U89: ='# Out FF'!H89 -> 996 | ... Y89: ='# Out FF'!L89 -> 935.2 | AB89: 26 | AC89: 284 | AF89: =AB89/1000 -> 0.026 | AG89: =AC89/1000 -> 0.284 | AH89: =0.891*EXP(-40.26*AF89) -> 0.31280639 | AI89: =AG89-AH89 -> -0.028806387
A90: ='DNC4 FF'!A90 -> 87 | B90: ='DNC4 FF'!B90 -> #REF! | C90: ='DNC4 FF'!C90 -> #REF! | D90: ='DNC4 FF'!D90 -> #REF! | E90: ='DNC4 FF'!E90 -> #REF! | F90: ='DNC4 FF'!F90 -> #REF! | G90: ='DNC4 FF'!G90 -> 1 | H90: ='DNC4 FF'!H90 -> 0 | ... L90: ='DNC4 FF'!L90 -> #REF! | N90: ='# Out FF'!A90 -> 87 | O90: ='# Out FF'!B90 -> 1000 | P90: ='# Out FF'!C90 -> 1000 | Q90: ='# Out FF'!D90 -> 1000 | R90: ='# Out FF'!E90 -> 1000 | S90: ='# Out FF'!F90 -> 1000 | T90: ='# Out FF'!G90 -> 996 | U90: ='# Out FF'!H90 -> 998 | ... Y90: ='# Out FF'!L90 -> 954.8 | AB90: 7 | AC90: 741 | AF90: =AB90/1000 -> 0.007 | AG90: =AC90/1000 -> 0.741 | AH90: =0.891*EXP(-40.26*AF90) -> 0.67217883 | AI90: =AG90-AH90 -> 0.068821166
A91: ='DNC4 FF'!A91 -> 88 | B91: ='DNC4 FF'!B91 -> #REF! | C91: ='DNC4 FF'!C91 -> #REF! | D91: ='DNC4 FF'!D91 -> #REF! | E91: ='DNC4 FF'!E91 -> #REF! | F91: ='DNC4 FF'!F91 -> #REF! | G91: ='DNC4 FF'!G91 -> 1 | H91: ='DNC4 FF'!H91 -> 0 | ... L91: ='DNC4 FF'!L91 -> #REF! | N91: ='# Out FF'!A91 -> 88 | O91: ='# Out FF'!B91 -> 1000 | P91: ='# Out FF'!C91 -> 1000 | Q91: ='# Out FF'!D91 -> 1000 | R91: ='# Out FF'!E91 -> 1000 | S91: ='# Out FF'!F91 -> 1000 | T91: ='# Out FF'!G91 -> 800 | U91: ='# Out FF'!H91 -> 999 | ... Y91: ='# Out FF'!L91 -> 918 | AB91: 4 | AC91: 776 | AF91: =AB91/1000 -> 0.004 | AG91: =AC91/1000 -> 0.776 | AH91: =0.891*EXP(-40.26*AF91) -> 0.7584709 | AI91: =AG91-AH91 -> 0.017529104
... A153: ='DNC4 FF'!A153 -> 150 | B153: ='DNC4 FF'!B153 -> #REF! | C153: ='DNC4 FF'!C153 -> #REF! | D153: ='DNC4 FF'!D153 -> #REF! | E153: ='DNC4 FF'!E153 -> #REF! | F153: ='DNC4 FF'!F153 -> #REF! | G153: ='DNC4 FF'!G153 -> #REF! | H153: ='DNC4 FF'!H153 -> #REF! | ... L153: ='DNC4 FF'!L153 -> #REF! | N153: ='# Out FF'!A153 -> 150 | O153: ='# Out FF'!B153 -> 1000 | P153: ='# Out FF'!C153 -> 1000 | Q153: ='# Out FF'!D153 -> 1000 | R153: ='# Out FF'!E153 -> 1000 | S153: ='# Out FF'!F153 -> 1000 | T153: ='# Out FF'!G153 -> 1000 | U153: ='# Out FF'!H153 -> 1000 | ... Y153: ='# Out FF'!L153 -> 956.5 | AB153: 0 | AC153: 996 | AF153: =AB153/1000 -> 0 | AG153: =AC153/1000 -> 0.996 | AH153: =0.891*EXP(-40.26*AF153) -> 0.891 | AI153: =AG153-AH153 -> 0.105
A154: ='DNC4 FF'!A154 -> 151 | B154: ='DNC4 FF'!B154 -> #REF! | C154: ='DNC4 FF'!C154 -> #REF! | D154: ='DNC4 FF'!D154 -> #REF! | E154: ='DNC4 FF'!E154 -> #REF! | F154: ='DNC4 FF'!F154 -> #REF! | G154: ='DNC4 FF'!G154 -> #REF! | H154: ='DNC4 FF'!H154 -> #REF! | ... L154: ='DNC4 FF'!L154 -> #REF! | N154: ='# Out FF'!A154 -> 151 | O154: ='# Out FF'!B154 -> 1000 | P154: ='# Out FF'!C154 -> 1000 | Q154: ='# Out FF'!D154 -> 1000 | R154: ='# Out FF'!E154 -> 1000 | S154: ='# Out FF'!F154 -> 1000 | T154: ='# Out FF'!G154 -> 1000 | U154: ='# Out FF'!H154 -> 1000 | ... Y154: ='# Out FF'!L154 -> 976.2 | AB154: {=D3:D55} -> 0 | AC154: {=Q4:Q56} -> 995 | AF154: =AB154/1000 -> 0 | AG154: =AC154/1000 -> 0.995 | AH154: =0.891*EXP(-40.26*AF154) -> 0.891 | AI154: =AG154-AH154 -> 0.104
A155: ='DNC4 FF'!A155 -> 152 | B155: ='DNC4 FF'!B155 -> #REF! | C155: ='DNC4 FF'!C155 -> #REF! | D155: ='DNC4 FF'!D155 -> #REF! | E155: ='DNC4 FF'!E155 -> #REF! | F155: ='DNC4 FF'!F155 -> #REF! | G155: ='DNC4 FF'!G155 -> #REF! | H155: ='DNC4 FF'!H155 -> #REF! | ... L155: ='DNC4 FF'!L155 -> #REF! | N155: ='# Out FF'!A155 -> 152 | O155: ='# Out FF'!B155 -> 1000 | P155: ='# Out FF'!C155 -> 1000 | Q155: ='# Out FF'!D155 -> 1000 | R155: ='# Out FF'!E155 -> 1000 | S155: ='# Out FF'!F155 -> 1000 | T155: ='# Out FF'!G155 -> 1000 | U155: ='# Out FF'!H155 -> 1000 | ... Y155: ='# Out FF'!L155 -> 980.6 | AB155: 0 | AC155: 994 | AF155: =AB155/1000 -> 0 | AG155: =AC155/1000 -> 0.994 | AH155: =0.891*EXP(-40.26*AF155) -> 0.891 | AI155: =AG155-AH155 -> 0.103
A156: ='DNC4 FF'!A156 -> 153 | B156: ='DNC4 FF'!B156 -> #REF! | C156: ='DNC4 FF'!C156 -> #REF! | D156: ='DNC4 FF'!D156 -> #REF! | E156: ='DNC4 FF'!E156 -> #REF! | F156: ='DNC4 FF'!F156 -> #REF! | G156: ='DNC4 FF'!G156 -> #REF! | H156: ='DNC4 FF'!H156 -> #REF! | ... L156: ='DNC4 FF'!L156 -> #REF! | N156: ='# Out FF'!A156 -> 153 | O156: ='# Out FF'!B156 -> 1000 | P156: ='# Out FF'!C156 -> 1000 | Q156: ='# Out FF'!D156 -> 1000 | R156: ='# Out FF'!E156 -> 1000 | S156: ='# Out FF'!F156 -> 1000 | T156: ='# Out FF'!G156 -> 1000 | U156: ='# Out FF'!H156 -> 1000 | ... Y156: ='# Out FF'!L156 -> 998.9 | AB156: 0 | AC156: 994 | AF156: =AB156/1000 -> 0 | AG156: =AC156/1000 -> 0.994 | AH156: =0.891*EXP(-40.26*AF156) -> 0.891 | AI156: =AG156-AH156 -> 0.103
A157: ='DNC4 FF'!A157 -> 154 | B157: ='DNC4 FF'!B157 -> #REF! | C157: ='DNC4 FF'!C157 -> #REF! | D157: ='DNC4 FF'!D157 -> #REF! | E157: ='DNC4 FF'!E157 -> #REF! | F157: ='DNC4 FF'!F157 -> #REF! | G157: ='DNC4 FF'!G157 -> #REF! | H157: ='DNC4 FF'!H157 -> #REF! | ... L157: ='DNC4 FF'!L157 -> #REF! | N157: ='# Out FF'!A157 -> 154 | O157: ='# Out FF'!B157 -> 1000 | P157: ='# Out FF'!C157 -> 1000 | Q157: ='# Out FF'!D157 -> 1000 | R157: ='# Out FF'!E157 -> 1000 | S157: ='# Out FF'!F157 -> 1000 | T157: ='# Out FF'!G157 -> 1000 | U157: ='# Out FF'!H157 -> 1000 | ... Y157: ='# Out FF'!L157 -> 980.1 | AB157: 2 | AC157: 775 | AF157: =AB157/1000 -> 0.002 | AG157: =AC157/1000 -> 0.775 | AH157: =0.891*EXP(-40.26*AF157) -> 0.82206908 | AI157: =AG157-AH157 -> -0.047069078
A158: ='DNC4 FF'!A158 -> 155 | B158: ='DNC4 FF'!B158 -> #REF! | C158: ='DNC4 FF'!C158 -> #REF! | D158: ='DNC4 FF'!D158 -> #REF! | E158: ='DNC4 FF'!E158 -> #REF! | F158: ='DNC4 FF'!F158 -> #REF! | G158: ='DNC4 FF'!G158 -> #REF! | H158: ='DNC4 FF'!H158 -> #REF! | ... L158: ='DNC4 FF'!L158 -> #REF! | N158: ='# Out FF'!A158 -> 155 | O158: ='# Out FF'!B158 -> 1000 | P158: ='# Out FF'!C158 -> 1000 | Q158: ='# Out FF'!D158 -> 1000 | R158: ='# Out FF'!E158 -> 1000 | S158: ='# Out FF'!F158 -> 1000 | T158: ='# Out FF'!G158 -> 1000 | U158: ='# Out FF'!H158 -> 1000 | ... Y158: ='# Out FF'!L158 -> 999.5 | AB158: 4 | AC158: 786 | AF158: =AB158/1000 -> 0.004 | AG158: =AC158/1000 -> 0.786 | AH158: =0.891*EXP(-40.26*AF158) -> 0.7584709 | AI158: =AG158-AH158 -> 0.027529104
A159: ='DNC4 FF'!A159 -> 156 | B159: ='DNC4 FF'!B159 -> #REF! | C159: ='DNC4 FF'!C159 -> #REF! | D159: ='DNC4 FF'!D159 -> #REF! | E159: ='DNC4 FF'!E159 -> #REF! | F159: ='DNC4 FF'!F159 -> #REF! | G159: ='DNC4 FF'!G159 -> #REF! | H159: ='DNC4 FF'!H159 -> #REF! | ... L159: ='DNC4 FF'!L159 -> #REF! | N159: ='# Out FF'!A159 -> 156 | O159: ='# Out FF'!B159 -> 1000 | P159: ='# Out FF'!C159 -> 1000 | Q159: ='# Out FF'!D159 -> 1000 | R159: ='# Out FF'!E159 -> 1000 | S159: ='# Out FF'!F159 -> 1000 | T159: ='# Out FF'!G159 -> 1000 | U159: ='# Out FF'!H159 -> 1000 | ... Y159: ='# Out FF'!L159 -> 978.5 | AB159: 5 | AC159: 532 | AF159: =AB159/1000 -> 0.005 | AG159: =AC159/1000 -> 0.532 | AH159: =0.891*EXP(-40.26*AF159) -> 0.72854138 | AI159: =AG159-AH159 -> -0.19654138
A160: ='DNC4 FF'!A160 -> 157 | B160: ='DNC4 FF'!B160 -> #REF! | C160: ='DNC4 FF'!C160 -> #REF! | D160: ='DNC4 FF'!D160 -> #REF! | E160: ='DNC4 FF'!E160 -> #REF! | F160: ='DNC4 FF'!F160 -> #REF! | G160: ='DNC4 FF'!G160 -> #REF! | H160: ='DNC4 FF'!H160 -> #REF! | ... L160: ='DNC4 FF'!L160 -> #REF! | N160: ='# Out FF'!A160 -> 157 | O160: ='# Out FF'!B160 -> 1000 | P160: ='# Out FF'!C160 -> 1000 | Q160: ='# Out FF'!D160 -> 1000 | R160: ='# Out FF'!E160 -> 1000 | S160: ='# Out FF'!F160 -> 1000 | T160: ='# Out FF'!G160 -> 1000 | U160: ='# Out FF'!H160 -> 1000 | ... Y160: ='# Out FF'!L160 -> 978.4 | AB160: 9 | AC160: 713 | AF160: =AB160/1000 -> 0.009 | AG160: =AC160/1000 -> 0.713 | AH160: =0.891*EXP(-40.26*AF160) -> 0.62017669 | AI160: =AG160-AH160 -> 0.092823306
A161: ='DNC4 FF'!A161 -> 158 | B161: ='DNC4 FF'!B161 -> #REF! | C161: ='DNC4 FF'!C161 -> #REF! | D161: ='DNC4 FF'!D161 -> #REF! | E161: ='DNC4 FF'!E161 -> #REF! | F161: ='DNC4 FF'!F161 -> #REF! | G161: ='DNC4 FF'!G161 -> #REF! | H161: ='DNC4 FF'!H161 -> #REF! | ... L161: ='DNC4 FF'!L161 -> #REF! | N161: ='# Out FF'!A161 -> 158 | O161: ='# Out FF'!B161 -> 1000 | P161: ='# Out FF'!C161 -> 1000 | Q161: ='# Out FF'!D161 -> 1000 | R161: ='# Out FF'!E161 -> 1000 | S161: ='# Out FF'!F161 -> 1000 | T161: ='# Out FF'!G161 -> 1000 | U161: ='# Out FF'!H161 -> 1000 | ... Y161: ='# Out FF'!L161 -> 979.1 | AB161: 7 | AC161: 759 | AF161: =AB161/1000 -> 0.007 | AG161: =AC161/1000 -> 0.759 | AH161: =0.891*EXP(-40.26*AF161) -> 0.67217883 | AI161: =AG161-AH161 -> 0.086821166
A162: ='DNC4 FF'!A162 -> 159 | B162: ='DNC4 FF'!B162 -> #REF! | C162: ='DNC4 FF'!C162 -> #REF! | D162: ='DNC4 FF'!D162 -> #REF! | E162: ='DNC4 FF'!E162 -> #REF! | F162: ='DNC4 FF'!F162 -> #REF! | G162: ='DNC4 FF'!G162 -> #REF! | H162: ='DNC4 FF'!H162 -> #REF! | ... L162: ='DNC4 FF'!L162 -> #REF! | N162: ='# Out FF'!A162 -> 159 | O162: ='# Out FF'!B162 -> 1000 | P162: ='# Out FF'!C162 -> 1000 | Q162: ='# Out FF'!D162 -> 1000 | R162: ='# Out FF'!E162 -> 1000 | S162: ='# Out FF'!F162 -> 1000 | T162: ='# Out FF'!G162 -> 1000 | U162: ='# Out FF'!H162 -> 1000 | ... Y162: ='# Out FF'!L162 -> 999.5 | AB162: 7 | AC162: 755 | AF162: =AB162/1000 -> 0.007 | AG162: =AC162/1000 -> 0.755 | AH162: =0.891*EXP(-40.26*AF162) -> 0.67217883 | AI162: =AG162-AH162 -> 0.082821166
A163: ='DNC4 FF'!A163 -> 160 | B163: ='DNC4 FF'!B163 -> #REF! | C163: ='DNC4 FF'!C163 -> #REF! | D163: ='DNC4 FF'!D163 -> #REF! | E163: ='DNC4 FF'!E163 -> #REF! | F163: ='DNC4 FF'!F163 -> #REF! | G163: ='DNC4 FF'!G163 -> #REF! | H163: ='DNC4 FF'!H163 -> #REF! | ... L163: ='DNC4 FF'!L163 -> #REF! | N163: ='# Out FF'!A163 -> 160 | O163: ='# Out FF'!B163 -> 1000 | P163: ='# Out FF'!C163 -> 1000 | Q163: ='# Out FF'!D163 -> 1000 | R163: ='# Out FF'!E163 -> 1000 | S163: ='# Out FF'!F163 -> 1000 | T163: ='# Out FF'!G163 -> 1000 | U163: ='# Out FF'!H163 -> 1000 | ... Y163: ='# Out FF'!L163 -> 999.6 | AB163: 6 | AC163: 722 | AF163: =AB163/1000 -> 0.006 | AG163: =AC163/1000 -> 0.722 | AH163: =0.891*EXP(-40.26*AF163) -> 0.6997929 | AI163: =AG163-AH163 -> 0.022207105
A164: ='DNC4 FF'!A164 -> 161 | B164: ='DNC4 FF'!B164 -> #REF! | C164: ='DNC4 FF'!C164 -> #REF! | D164: ='DNC4 FF'!D164 -> #REF! | E164: ='DNC4 FF'!E164 -> #REF! | F164: ='DNC4 FF'!F164 -> #REF! | G164: ='DNC4 FF'!G164 -> #REF! | H164: ='DNC4 FF'!H164 -> #REF! | ... L164: ='DNC4 FF'!L164 -> #REF! | N164: ='# Out FF'!A164 -> 161 | O164: ='# Out FF'!B164 -> 1000 | P164: ='# Out FF'!C164 -> 1000 | Q164: ='# Out FF'!D164 -> 1000 | R164: ='# Out FF'!E164 -> 1000 | S164: ='# Out FF'!F164 -> 1000 | T164: ='# Out FF'!G164 -> 1000 | U164: ='# Out FF'!H164 -> 1000 | ... Y164: ='# Out FF'!L164 -> 999.6 | AB164: 12 | AC164: 536 | AF164: =AB164/1000 -> 0.012 | AG164: =AC164/1000 -> 0.536 | AH164: =0.891*EXP(-40.26*AF164) -> 0.54961851 | AI164: =AG164-AH164 -> -0.013618514
A165: ='DNC4 FF'!A165 -> 162 | B165: ='DNC4 FF'!B165 -> #REF! | C165: ='DNC4 FF'!C165 -> #REF! | D165: ='DNC4 FF'!D165 -> #REF! | E165: ='DNC4 FF'!E165 -> #REF! | F165: ='DNC4 FF'!F165 -> #REF! | G165: ='DNC4 FF'!G165 -> #REF! | H165: ='DNC4 FF'!H165 -> #REF! | ... L165: ='DNC4 FF'!L165 -> #REF! | N165: ='# Out FF'!A165 -> 162 | O165: ='# Out FF'!B165 -> 1000 | P165: ='# Out FF'!C165 -> 1000 | Q165: ='# Out FF'!D165 -> 1000 | R165: ='# Out FF'!E165 -> 1000 | S165: ='# Out FF'!F165 -> 1000 | T165: ='# Out FF'!G165 -> 1000 | U165: ='# Out FF'!H165 -> 1000 | ... Y165: ='# Out FF'!L165 -> 999.6 | AB165: 11 | AC165: 652 | AF165: =AB165/1000 -> 0.011 | AG165: =AC165/1000 -> 0.652 | AH165: =0.891*EXP(-40.26*AF165) -> 0.57219762 | AI165: =AG165-AH165 -> 0.079802376
A166: ='DNC4 FF'!A166 -> 163 | B166: ='DNC4 FF'!B166 -> #REF! | C166: ='DNC4 FF'!C166 -> #REF! | D166: ='DNC4 FF'!D166 -> #REF! | E166: ='DNC4 FF'!E166 -> #REF! | F166: ='DNC4 FF'!F166 -> #REF! | G166: ='DNC4 FF'!G166 -> #REF! | H166: ='DNC4 FF'!H166 -> #REF! | ... L166: ='DNC4 FF'!L166 -> #REF! | N166: ='# Out FF'!A166 -> 163 | O166: ='# Out FF'!B166 -> 1000 | P166: ='# Out FF'!C166 -> 1000 | Q166: ='# Out FF'!D166 -> 1000 | R166: ='# Out FF'!E166 -> 1000 | S166: ='# Out FF'!F166 -> 1000 | T166: ='# Out FF'!G166 -> 1000 | U166: ='# Out FF'!H166 -> 1000 | ... Y166: ='# Out FF'!L166 -> 999.7 | AB166: 18 | AC166: 527 | AF166: =AB166/1000 -> 0.018 | AG166: =AC166/1000 -> 0.527 | AH166: =0.891*EXP(-40.26*AF166) -> 0.4316713 | AI166: =AG166-AH166 -> 0.095328696
... A200: ='DNC4 FF'!A200 -> 197 | B200: ='DNC4 FF'!B200 -> #REF! | C200: ='DNC4 FF'!C200 -> #REF! | D200: ='DNC4 FF'!D200 -> #REF! | E200: ='DNC4 FF'!E200 -> #REF! | F200: ='DNC4 FF'!F200 -> #REF! | G200: ='DNC4 FF'!G200 -> #REF! | H200: ='DNC4 FF'!H200 -> #REF! | ... L200: ='DNC4 FF'!L200 -> #REF! | N200: ='# Out FF'!A200 -> 197 | O200: ='# Out FF'!B200 -> 1000 | P200: ='# Out FF'!C200 -> 1000 | Q200: ='# Out FF'!D200 -> 1000 | R200: ='# Out FF'!E200 -> 1000 | S200: ='# Out FF'!F200 -> 1000 | T200: ='# Out FF'!G200 -> 1000 | U200: ='# Out FF'!H200 -> 1000 | ... Y200: ='# Out FF'!L200 -> 999.6 | AB200: 0 | AC200: 990 | AF200: =AB200/1000 -> 0 | AG200: =AC200/1000 -> 0.99 | AH200: =0.891*EXP(-40.26*AF200) -> 0.891 | AI200: =AG200-AH200 -> 0.099
AB201: 1 | AC201: 784 | AF201: =AB201/1000 -> 0.001 | AG201: =AC201/1000 -> 0.784 | AH201: =0.891*EXP(-40.26*AF201) -> 0.85584084 | AI201: =AG201-AH201 -> -0.071840843
AB202: 0 | AC202: 993 | AF202: =AB202/1000 -> 0 | AG202: =AC202/1000 -> 0.993 | AH202: =0.891*EXP(-40.26*AF202) -> 0.891 | AI202: =AG202-AH202 -> 0.102
AB203: 0 | AC203: 993 | AF203: =AB203/1000 -> 0 | AG203: =AC203/1000 -> 0.993 | AH203: =0.891*EXP(-40.26*AF203) -> 0.891 | AI203: =AG203-AH203 -> 0.102
AB204: 1 | AC204: 793 | AF204: =AB204/1000 -> 0.001 | AG204: =AC204/1000 -> 0.793 | AH204: =0.891*EXP(-40.26*AF204) -> 0.85584084 | AI204: =AG204-AH204 -> -0.062840843
AB205: 0 | AC205: 994 | AF205: =AB205/1000 -> 0 | AG205: =AC205/1000 -> 0.994 | AH205: =0.891*EXP(-40.26*AF205) -> 0.891 | AI205: =AG205-AH205 -> 0.103
AB206: 0 | AC206: 993 | AF206: =AB206/1000 -> 0 | AG206: =AC206/1000 -> 0.993 | AH206: =0.891*EXP(-40.26*AF206) -> 0.891 | AI206: =AG206-AH206 -> 0.102
AB207: {=E3:E78} -> 0 | AC207: {=R4:R79} -> 998 | AF207: =AB207/1000 -> 0 | AG207: =AC207/1000 -> 0.998 | AH207: =0.891*EXP(-40.26*AF207) -> 0.891 | AI207: =AG207-AH207 -> 0.107
AB208: 0 | AC208: 999 | AF208: =AB208/1000 -> 0 | AG208: =AC208/1000 -> 0.999 | AH208: =0.891*EXP(-40.26*AF208) -> 0.891 | AI208: =AG208-AH208 -> 0.108
AB209: 0 | AC209: 999 | AF209: =AB209/1000 -> 0 | AG209: =AC209/1000 -> 0.999 | AH209: =0.891*EXP(-40.26*AF209) -> 0.891 | AI209: =AG209-AH209 -> 0.108
AB210: 2 | AC210: 791 | AF210: =AB210/1000 -> 0.002 | AG210: =AC210/1000 -> 0.791 | AH210: =0.891*EXP(-40.26*AF210) -> 0.82206908 | AI210: =AG210-AH210 -> -0.031069078
AB211: 0 | AC211: 995 | AF211: =AB211/1000 -> 0 | AG211: =AC211/1000 -> 0.995 | AH211: =0.891*EXP(-40.26*AF211) -> 0.891 | AI211: =AG211-AH211 -> 0.104
AB212: 3 | AC212: 766 | AF212: =AB212/1000 -> 0.003 | AG212: =AC212/1000 -> 0.766 | AH212: =0.891*EXP(-40.26*AF212) -> 0.78962996 | AI212: =AG212-AH212 -> -0.023629957
AB213: 8 | AC213: 687 | AF213: =AB213/1000 -> 0.008 | AG213: =AC213/1000 -> 0.687 | AH213: =0.891*EXP(-40.26*AF213) -> 0.64565443 | AI213: =AG213-AH213 -> 0.041345567
AB214: 7 | AC214: 745 | AF214: =AB214/1000 -> 0.007 | AG214: =AC214/1000 -> 0.745 | AH214: =0.891*EXP(-40.26*AF214) -> 0.67217883 | AI214: =AG214-AH214 -> 0.072821166
AB215: 19 | AC215: 484 | AF215: =AB215/1000 -> 0.019 | AG215: =AC215/1000 -> 0.484 | AH215: =0.891*EXP(-40.26*AF215) -> 0.41463741 | AI215: =AG215-AH215 -> 0.06936259
AB216: 15 | AC216: 345 | AF216: =AB216/1000 -> 0.015 | AG216: =AC216/1000 -> 0.345 | AH216: =0.891*EXP(-40.26*AF216) -> 0.48708782 | AI216: =AG216-AH216 -> -0.14208782
AB217: 15 | AC217: 335 | AF217: =AB217/1000 -> 0.015 | AG217: =AC217/1000 -> 0.335 | AH217: =0.891*EXP(-40.26*AF217) -> 0.48708782 | AI217: =AG217-AH217 -> -0.15208782
AB218: 20 | AC218: 504 | AF218: =AB218/1000 -> 0.02 | AG218: =AC218/1000 -> 0.504 | AH218: =0.891*EXP(-40.26*AF218) -> 0.39827568 | AI218: =AG218-AH218 -> 0.10572432
AB219: 14 | AC219: 440 | AF219: =AB219/1000 -> 0.014 | AG219: =AC219/1000 -> 0.44 | AH219: =0.891*EXP(-40.26*AF219) -> 0.50709808 | AI219: =AG219-AH219 -> -0.067098075
... AB282: 0 | AC282: 998 | AF282: =AB282/1000 -> 0 | AG282: =AC282/1000 -> 0.998 | AH282: =0.891*EXP(-40.26*AF282) -> 0.891 | AI282: =AG282-AH282 -> 0.107
AB283: {=F3:F87} -> 0 | AC283: {=S4:S88} -> 997 | AF283: =AB283/1000 -> 0 | AG283: =AC283/1000 -> 0.997 | AH283: =0.891*EXP(-40.26*AF283) -> 0.891 | AI283: =AG283-AH283 -> 0.106
AB284: 0 | AC284: 998 | AF284: =AB284/1000 -> 0 | AG284: =AC284/1000 -> 0.998 | AH284: =0.891*EXP(-40.26*AF284) -> 0.891 | AI284: =AG284-AH284 -> 0.107
AB285: 0 | AC285: 996 | AF285: =AB285/1000 -> 0 | AG285: =AC285/1000 -> 0.996 | AH285: =0.891*EXP(-40.26*AF285) -> 0.891 | AI285: =AG285-AH285 -> 0.105
AB286: 2 | AC286: 787 | AF286: =AB286/1000 -> 0.002 | AG286: =AC286/1000 -> 0.787 | AH286: =0.891*EXP(-40.26*AF286) -> 0.82206908 | AI286: =AG286-AH286 -> -0.035069078
AB287: 2 | AC287: 794 | AF287: =AB287/1000 -> 0.002 | AG287: =AC287/1000 -> 0.794 | AH287: =0.891*EXP(-40.26*AF287) -> 0.82206908 | AI287: =AG287-AH287 -> -0.028069078
AB288: 5 | AC288: 533 | AF288: =AB288/1000 -> 0.005 | AG288: =AC288/1000 -> 0.533 | AH288: =0.891*EXP(-40.26*AF288) -> 0.72854138 | AI288: =AG288-AH288 -> -0.19554138
AB289: 6 | AC289: 748 | AF289: =AB289/1000 -> 0.006 | AG289: =AC289/1000 -> 0.748 | AH289: =0.891*EXP(-40.26*AF289) -> 0.6997929 | AI289: =AG289-AH289 -> 0.048207105
AB290: 8 | AC290: 685 | AF290: =AB290/1000 -> 0.008 | AG290: =AC290/1000 -> 0.685 | AH290: =0.891*EXP(-40.26*AF290) -> 0.64565443 | AI290: =AG290-AH290 -> 0.039345567
AB291: 10 | AC291: 841 | AF291: =AB291/1000 -> 0.01 | AG291: =AC291/1000 -> 0.841 | AH291: =0.891*EXP(-40.26*AF291) -> 0.59570431 | AI291: =AG291-AH291 -> 0.24529569
AB292: 10 | AC292: 847 | AF292: =AB292/1000 -> 0.01 | AG292: =AC292/1000 -> 0.847 | AH292: =0.891*EXP(-40.26*AF292) -> 0.59570431 | AI292: =AG292-AH292 -> 0.25129569
AB293: 9 | AC293: 686 | AF293: =AB293/1000 -> 0.009 | AG293: =AC293/1000 -> 0.686 | AH293: =0.891*EXP(-40.26*AF293) -> 0.62017669 | AI293: =AG293-AH293 -> 0.065823306
AB294: 15 | AC294: 366 | AF294: =AB294/1000 -> 0.015 | AG294: =AC294/1000 -> 0.366 | AH294: =0.891*EXP(-40.26*AF294) -> 0.48708782 | AI294: =AG294-AH294 -> -0.12108782
AB295: 17 | AC295: 446 | AF295: =AB295/1000 -> 0.017 | AG295: =AC295/1000 -> 0.446 | AH295: =0.891*EXP(-40.26*AF295) -> 0.44940497 | AI295: =AG295-AH295 -> -0.0034049739
... AB367: 0 | AC367: 995 | AF367: =AB367/1000 -> 0 | AG367: =AC367/1000 -> 0.995 | AH367: =0.891*EXP(-40.26*AF367) -> 0.891 | AI367: =AG367-AH367 -> 0.104
AB368: {=G3:G125} -> 0 | AC368: {=T4:T126} -> 997 | AF368: =AB368/1000 -> 0 | AG368: =AC368/1000 -> 0.997 | AH368: =0.891*EXP(-40.26*AF368) -> 0.891 | AI368: =AG368-AH368 -> 0.106
AB369: 0 | AC369: 997 | AF369: =AB369/1000 -> 0 | AG369: =AC369/1000 -> 0.997 | AH369: =0.891*EXP(-40.26*AF369) -> 0.891 | AI369: =AG369-AH369 -> 0.106
AB370: 0 | AC370: 997 | AF370: =AB370/1000 -> 0 | AG370: =AC370/1000 -> 0.997 | AH370: =0.891*EXP(-40.26*AF370) -> 0.891 | AI370: =AG370-AH370 -> 0.106
AB371: 2 | AC371: 793 | AF371: =AB371/1000 -> 0.002 | AG371: =AC371/1000 -> 0.793 | AH371: =0.891*EXP(-40.26*AF371) -> 0.82206908 | AI371: =AG371-AH371 -> -0.029069078
AB372: 0 | AC372: 995 | AF372: =AB372/1000 -> 0 | AG372: =AC372/1000 -> 0.995 | AH372: =0.891*EXP(-40.26*AF372) -> 0.891 | AI372: =AG372-AH372 -> 0.104
AB373: 2 | AC373: 802 | AF373: =AB373/1000 -> 0.002 | AG373: =AC373/1000 -> 0.802 | AH373: =0.891*EXP(-40.26*AF373) -> 0.82206908 | AI373: =AG373-AH373 -> -0.020069078
AB374: 2 | AC374: 794 | AF374: =AB374/1000 -> 0.002 | AG374: =AC374/1000 -> 0.794 | AH374: =0.891*EXP(-40.26*AF374) -> 0.82206908 | AI374: =AG374-AH374 -> -0.028069078
AB375: 3 | AC375: 782 | AF375: =AB375/1000 -> 0.003 | AG375: =AC375/1000 -> 0.782 | AH375: =0.891*EXP(-40.26*AF375) -> 0.78962996 | AI375: =AG375-AH375 -> -0.0076299575
AB376: 8 | AC376: 702 | AF376: =AB376/1000 -> 0.008 | AG376: =AC376/1000 -> 0.702 | AH376: =0.891*EXP(-40.26*AF376) -> 0.64565443 | AI376: =AG376-AH376 -> 0.056345567
AB377: 4 | AC377: 787 | AF377: =AB377/1000 -> 0.004 | AG377: =AC377/1000 -> 0.787 | AH377: =0.891*EXP(-40.26*AF377) -> 0.7584709 | AI377: =AG377-AH377 -> 0.028529104
AB378: 10 | AC378: 829 | AF378: =AB378/1000 -> 0.01 | AG378: =AC378/1000 -> 0.829 | AH378: =0.891*EXP(-40.26*AF378) -> 0.59570431 | AI378: =AG378-AH378 -> 0.23329569
AB379: 12 | AC379: 580 | AF379: =AB379/1000 -> 0.012 | AG379: =AC379/1000 -> 0.58 | AH379: =0.891*EXP(-40.26*AF379) -> 0.54961851 | AI379: =AG379-AH379 -> 0.030381486
AB380: 14 | AC380: 473 | AF380: =AB380/1000 -> 0.014 | AG380: =AC380/1000 -> 0.473 | AH380: =0.891*EXP(-40.26*AF380) -> 0.50709808 | AI380: =AG380-AH380 -> -0.034098075
... AB490: 0 | AC490: 998 | AF490: =AB490/1000 -> 0 | AG490: =AC490/1000 -> 0.998 | AH490: =0.891*EXP(-40.26*AF490) -> 0.891 | AI490: =AG490-AH490 -> 0.107
AB491: {=H3:H91} -> 0 | AC491: {=U4:U92} -> 995 | AF491: =AB491/1000 -> 0 | AG491: =AC491/1000 -> 0.995 | AH491: =0.891*EXP(-40.26*AF491) -> 0.891 | AI491: =AG491-AH491 -> 0.104
AB492: 0 | AC492: 997 | AF492: =AB492/1000 -> 0 | AG492: =AC492/1000 -> 0.997 | AH492: =0.891*EXP(-40.26*AF492) -> 0.891 | AI492: =AG492-AH492 -> 0.106
AB493: 0 | AC493: 997 | AF493: =AB493/1000 -> 0 | AG493: =AC493/1000 -> 0.997 | AH493: =0.891*EXP(-40.26*AF493) -> 0.891 | AI493: =AG493-AH493 -> 0.106
AB494: 2 | AC494: 775 | AF494: =AB494/1000 -> 0.002 | AG494: =AC494/1000 -> 0.775 | AH494: =0.891*EXP(-40.26*AF494) -> 0.82206908 | AI494: =AG494-AH494 -> -0.047069078
AB495: 1 | AC495: 803 | AF495: =AB495/1000 -> 0.001 | AG495: =AC495/1000 -> 0.803 | AH495: =0.891*EXP(-40.26*AF495) -> 0.85584084 | AI495: =AG495-AH495 -> -0.052840843
AB496: 2 | AC496: 772 | AF496: =AB496/1000 -> 0.002 | AG496: =AC496/1000 -> 0.772 | AH496: =0.891*EXP(-40.26*AF496) -> 0.82206908 | AI496: =AG496-AH496 -> -0.050069078
AB497: 5 | AC497: 550 | AF497: =AB497/1000 -> 0.005 | AG497: =AC497/1000 -> 0.55 | AH497: =0.891*EXP(-40.26*AF497) -> 0.72854138 | AI497: =AG497-AH497 -> -0.17854138
AB498: 4 | AC498: 767 | AF498: =AB498/1000 -> 0.004 | AG498: =AC498/1000 -> 0.767 | AH498: =0.891*EXP(-40.26*AF498) -> 0.7584709 | AI498: =AG498-AH498 -> 0.0085291041
...

Sheet Infected NF
A1: Number of Infections per timestep
A2: Time Step | B2: Run 1 | C2: Run 2 | D2: Run 3 | E2: Run 4 | F2: Run 5 | G2: Run 6 | H2: Run 7 | I2: Run 8 | J2: Run 9 | K2: Run 10 | L2: Average
A3: 0 | B3: ='[1]GABM_R03_Terry_no_fb-data'!$D2 -> 2 | C3: ='[2]GABM_R03_MitchellAPI_no_fb-data'!$D2 -> 2 | D3: ='[3]GABM_R03_NavidAPI_no_fb-data'!$D2 -> 2 | E3: ='[4]GABM_R03_RandiAPI_no_fb_runtwo-'!$D2 -> 2 | F3: ='[5]GABM_R03_SudipaAPI_no_fb-data'!$D2 -> 2 | G3: ='[6]GABM_R03_NavidAPI_no_fb_runtwo-'!$D2 -> 2 | H3: ='[7]GABM_R03_savannah_no_fb-data'!$D2 -> 2 | I3: ='[8]GABM_R03_Terry_no_fb_run_two-da'!$D2 -> 2 | J3: =[9]GABM_R03_MitchellAPI_no_fb_runt!$D2 -> 2 | K3: ='[10]R03_GABM_NiyoushaAPI_no_fb-data'!$D2 -> 2 | L3: =AVERAGE(B3:K3) -> 2
A4: 1 | B4: ='[1]GABM_R03_Terry_no_fb-data'!$D3 -> 6 | C4: ='[2]GABM_R03_MitchellAPI_no_fb-data'!$D3 -> 4 | D4: ='[3]GABM_R03_NavidAPI_no_fb-data'!$D3 -> 4 | E4: ='[4]GABM_R03_RandiAPI_no_fb_runtwo-'!$D3 -> 2 | F4: ='[5]GABM_R03_SudipaAPI_no_fb-data'!$D3 -> 4 | G4: ='[6]GABM_R03_NavidAPI_no_fb_runtwo-'!$D3 -> 7 | H4: ='[7]GABM_R03_savannah_no_fb-data'!$D3 -> 2 | I4: ='[8]GABM_R03_Terry_no_fb_run_two-da'!$D3 -> 4 | J4: =[9]GABM_R03_MitchellAPI_no_fb_runt!$D3 -> 3 | K4: ='[10]R03_GABM_NiyoushaAPI_no_fb-data'!$D3 -> 5 | L4: =AVERAGE(B4:K4) -> 4.1
A5: 2 | B5: ='[1]GABM_R03_Terry_no_fb-data'!$D4 -> 9 | C5: ='[2]GABM_R03_MitchellAPI_no_fb-data'!$D4 -> 8 | D5: ='[3]GABM_R03_NavidAPI_no_fb-data'!$D4 -> 7 | E5: ='[4]GABM_R03_RandiAPI_no_fb_runtwo-'!$D4 -> 6 | F5: ='[5]GABM_R03_SudipaAPI_no_fb-data'!$D4 -> 7 | G5: ='[6]GABM_R03_NavidAPI_no_fb_runtwo-'!$D4 -> 13 | H5: ='[7]GABM_R03_savannah_no_fb-data'!$D4 -> 6 | I5: ='[8]GABM_R03_Terry_no_fb_run_two-da'!$D4 -> 6 | J5: =[9]GABM_R03_MitchellAPI_no_fb_runt!$D4 -> 4 | K5: ='[10]R03_GABM_NiyoushaAPI_no_fb-data'!$D4 -> 12 | L5: =AVERAGE(B5:K5) -> 7.8
A6: 3 | B6: ='[1]GABM_R03_Terry_no_fb-data'!$D5 -> 15 | C6: ='[2]GABM_R03_MitchellAPI_no_fb-data'!$D5 -> 15 | D6: ='[3]GABM_R03_NavidAPI_no_fb-data'!$D5 -> 12 | E6: ='[4]GABM_R03_RandiAPI_no_fb_runtwo-'!$D5 -> 13 | F6: ='[5]GABM_R03_SudipaAPI_no_fb-data'!$D5 -> 15 | G6: ='[6]GABM_R03_NavidAPI_no_fb_runtwo-'!$D5 -> 25 | H6: ='[7]GABM_R03_savannah_no_fb-data'!$D5 -> 14 | I6: ='[8]GABM_R03_Terry_no_fb_run_two-da'!$D5 -> 12 | J6: =[9]GABM_R03_MitchellAPI_no_fb_runt!$D5 -> 10 | K6: ='[10]R03_GABM_NiyoushaAPI_no_fb-data'!$D5 -> 19 | L6: =AVERAGE(B6:K6) -> 15
A7: 4 | B7: ='[1]GABM_R03_Terry_no_fb-data'!$D6 -> 40 | C7: ='[2]GABM_R03_MitchellAPI_no_fb-data'!$D6 -> 24 | D7: ='[3]GABM_R03_NavidAPI_no_fb-data'!$D6 -> 21 | E7: ='[4]GABM_R03_RandiAPI_no_fb_runtwo-'!$D6 -> 26 | F7: ='[5]GABM_R03_SudipaAPI_no_fb-data'!$D6 -> 33 | G7: ='[6]GABM_R03_NavidAPI_no_fb_runtwo-'!$D6 -> 47 | H7: ='[7]GABM_R03_savannah_no_fb-data'!$D6 -> 27 | I7: ='[8]GABM_R03_Terry_no_fb_run_two-da'!$D6 -> 24 | J7: =[9]GABM_R03_MitchellAPI_no_fb_runt!$D6 -> 17 | K7: ='[10]R03_GABM_NiyoushaAPI_no_fb-data'!$D6 -> 44 | L7: =AVERAGE(B7:K7) -> 30.3
A8: 5 | B8: ='[1]GABM_R03_Terry_no_fb-data'!$D7 -> 78 | C8: ='[2]GABM_R03_MitchellAPI_no_fb-data'!$D7 -> 58 | D8: ='[3]GABM_R03_NavidAPI_no_fb-data'!$D7 -> 43 | E8: ='[4]GABM_R03_RandiAPI_no_fb_runtwo-'!$D7 -> 42 | F8: ='[5]GABM_R03_SudipaAPI_no_fb-data'!$D7 -> 60 | G8: ='[6]GABM_R03_NavidAPI_no_fb_runtwo-'!$D7 -> 92 | H8: ='[7]GABM_R03_savannah_no_fb-data'!$D7 -> 52 | I8: ='[8]GABM_R03_Terry_no_fb_run_two-da'!$D7 -> 38 | J8: =[9]GABM_R03_MitchellAPI_no_fb_runt!$D7 -> 30 | K8: ='[10]R03_GABM_NiyoushaAPI_no_fb-data'!$D7 -> 83 | L8: =AVERAGE(B8:K8) -> 57.6
A9: 6 | B9: ='[1]GABM_R03_Terry_no_fb-data'!$D8 -> 146 | C9: ='[2]GABM_R03_MitchellAPI_no_fb-data'!$D8 -> 121 | D9: ='[3]GABM_R03_NavidAPI_no_fb-data'!$D8 -> 73 | E9: ='[4]GABM_R03_RandiAPI_no_fb_runtwo-'!$D8 -> 84 | F9: ='[5]GABM_R03_SudipaAPI_no_fb-data'!$D8 -> 121 | G9: ='[6]GABM_R03_NavidAPI_no_fb_runtwo-'!$D8 -> 166 | H9: ='[7]GABM_R03_savannah_no_fb-data'!$D8 -> 87 | I9: ='[8]GABM_R03_Terry_no_fb_run_two-da'!$D8 -> 80 | J9: =[9]GABM_R03_MitchellAPI_no_fb_runt!$D8 -> 60 | K9: ='[10]R03_GABM_NiyoushaAPI_no_fb-data'!$D8 -> 164 | L9: =AVERAGE(B9:K9) -> 110.2
A10: 7 | B10: ='[1]GABM_R03_Terry_no_fb-data'!$D9 -> 234 | C10: ='[2]GABM_R03_MitchellAPI_no_fb-data'!$D9 -> 212 | D10: ='[3]GABM_R03_NavidAPI_no_fb-data'!$D9 -> 133 | E10: ='[4]GABM_R03_RandiAPI_no_fb_runtwo-'!$D9 -> 146 | F10: ='[5]GABM_R03_SudipaAPI_no_fb-data'!$D9 -> 210 | G10: ='[6]GABM_R03_NavidAPI_no_fb_runtwo-'!$D9 -> 293 | H10: ='[7]GABM_R03_savannah_no_fb-data'!$D9 -> 160 | I10: ='[8]GABM_R03_Terry_no_fb_run_two-da'!$D9 -> 137 | J10: =[9]GABM_R03_MitchellAPI_no_fb_runt!$D9 -> 110 | K10: ='[10]R03_GABM_NiyoushaAPI_no_fb-data'!$D9 -> 289 | L10: =AVERAGE(B10:K10) -> 192.4
A11: 8 | B11: ='[1]GABM_R03_Terry_no_fb-data'!$D10 -> 389 | C11: ='[2]GABM_R03_MitchellAPI_no_fb-data'!$D10 -> 372 | D11: ='[3]GABM_R03_NavidAPI_no_fb-data'!$D10 -> 231 | E11: ='[4]GABM_R03_RandiAPI_no_fb_runtwo-'!$D10 -> 265 | F11: ='[5]GABM_R03_SudipaAPI_no_fb-data'!$D10 -> 363 | G11: ='[6]GABM_R03_NavidAPI_no_fb_runtwo-'!$D10 -> 449 | H11: ='[7]GABM_R03_savannah_no_fb-data'!$D10 -> 275 | I11: ='[8]GABM_R03_Terry_no_fb_run_two-da'!$D10 -> 235 | J11: =[9]GABM_R03_MitchellAPI_no_fb_runt!$D10 -> 185 | K11: ='[10]R03_GABM_NiyoushaAPI_no_fb-data'!$D10 -> 448 | L11: =AVERAGE(B11:K11) -> 321.2
A12: 9 | B12: ='[1]GABM_R03_Terry_no_fb-data'!$D11 -> 581 | C12: ='[2]GABM_R03_MitchellAPI_no_fb-data'!$D11 -> 555 | D12: ='[3]GABM_R03_NavidAPI_no_fb-data'!$D11 -> 390 | E12: ='[4]GABM_R03_RandiAPI_no_fb_runtwo-'!$D11 -> 434 | F12: ='[5]GABM_R03_SudipaAPI_no_fb-data'!$D11 -> 531 | G12: ='[6]GABM_R03_NavidAPI_no_fb_runtwo-'!$D11 -> 615 | H12: ='[7]GABM_R03_savannah_no_fb-data'!$D11 -> 443 | I12: ='[8]GABM_R03_Terry_no_fb_run_two-da'!$D11 -> 384 | J12: =[9]GABM_R03_MitchellAPI_no_fb_runt!$D11 -> 318 | K12: ='[10]R03_GABM_NiyoushaAPI_no_fb-data'!$D11 -> 643 | L12: =AVERAGE(B12:K12) -> 489.4
A13: 10 | B13: ='[1]GABM_R03_Terry_no_fb-data'!$D12 -> 739 | C13: ='[2]GABM_R03_MitchellAPI_no_fb-data'!$D12 -> 732 | D13: ='[3]GABM_R03_NavidAPI_no_fb-data'!$D12 -> 565 | E13: ='[4]GABM_R03_RandiAPI_no_fb_runtwo-'!$D12 -> 599 | F13: ='[5]GABM_R03_SudipaAPI_no_fb-data'!$D12 -> 702 | G13: ='[6]GABM_R03_NavidAPI_no_fb_runtwo-'!$D12 -> 757 | H13: ='[7]GABM_R03_savannah_no_fb-data'!$D12 -> 625 | I13: ='[8]GABM_R03_Terry_no_fb_run_two-da'!$D12 -> 556 | J13: =[9]GABM_R03_MitchellAPI_no_fb_runt!$D12 -> 489 | K13: ='[10]R03_GABM_NiyoushaAPI_no_fb-data'!$D12 -> 793 | L13: =AVERAGE(B13:K13) -> 655.7
A14: 11 | B14: ='[1]GABM_R03_Terry_no_fb-data'!$D13 -> 814 | C14: ='[2]GABM_R03_MitchellAPI_no_fb-data'!$D13 -> 829 | D14: ='[3]GABM_R03_NavidAPI_no_fb-data'!$D13 -> 716 | E14: ='[4]GABM_R03_RandiAPI_no_fb_runtwo-'!$D13 -> 748 | F14: ='[5]GABM_R03_SudipaAPI_no_fb-data'!$D13 -> 815 | G14: ='[6]GABM_R03_NavidAPI_no_fb_runtwo-'!$D13 -> 825 | H14: ='[7]GABM_R03_savannah_no_fb-data'!$D13 -> 757 | I14: ='[8]GABM_R03_Terry_no_fb_run_two-da'!$D13 -> 720 | J14: =[9]GABM_R03_MitchellAPI_no_fb_runt!$D13 -> 670 | K14: ='[10]R03_GABM_NiyoushaAPI_no_fb-data'!$D13 -> 856 | L14: =AVERAGE(B14:K14) -> 775
... A25: 22 | B25: ='[1]GABM_R03_Terry_no_fb-data'!$D24 -> 0 | C25: ='[2]GABM_R03_MitchellAPI_no_fb-data'!$D24 -> 1 | D25: ='[3]GABM_R03_NavidAPI_no_fb-data'!$D24 -> 4 | E25: ='[4]GABM_R03_RandiAPI_no_fb_runtwo-'!$D24 -> 1 | F25: ='[5]GABM_R03_SudipaAPI_no_fb-data'!$D24 -> 2 | G25: ='[6]GABM_R03_NavidAPI_no_fb_runtwo-'!$D24 -> 1 | H25: ='[7]GABM_R03_savannah_no_fb-data'!$D24 -> 5 | I25: ='[8]GABM_R03_Terry_no_fb_run_two-da'!$D24 -> 6 | J25: =[9]GABM_R03_MitchellAPI_no_fb_runt!$D24 -> 4 | K25: ='[10]R03_GABM_NiyoushaAPI_no_fb-data'!$D24 -> 0 | L25: =AVERAGE(B25:K25) -> 2.4
A26: 23 | B26: 0 | C26: ='[2]GABM_R03_MitchellAPI_no_fb-data'!$D25 -> 1 | D26: ='[3]GABM_R03_NavidAPI_no_fb-data'!$D25 -> 2 | E26: ='[4]GABM_R03_RandiAPI_no_fb_runtwo-'!$D25 -> 0 | F26: ='[5]GABM_R03_SudipaAPI_no_fb-data'!$D25 -> 1 | G26: ='[6]GABM_R03_NavidAPI_no_fb_runtwo-'!$D25 -> 0 | H26: ='[7]GABM_R03_savannah_no_fb-data'!$D25 -> 1 | I26: ='[8]GABM_R03_Terry_no_fb_run_two-da'!$D25 -> 1 | J26: =[9]GABM_R03_MitchellAPI_no_fb_runt!$D25 -> 2 | K26: 0 | L26: =AVERAGE(B26:K26) -> 0.8
A27: 24 | B27: 0 | C27: ='[2]GABM_R03_MitchellAPI_no_fb-data'!$D26 -> 0 | D27: ='[3]GABM_R03_NavidAPI_no_fb-data'!$D26 -> 2 | E27: 0 | F27: ='[5]GABM_R03_SudipaAPI_no_fb-data'!$D26 -> 1 | G27: 0 | H27: ='[7]GABM_R03_savannah_no_fb-data'!$D26 -> 1 | I27: ='[8]GABM_R03_Terry_no_fb_run_two-da'!$D26 -> 1 | J27: =[9]GABM_R03_MitchellAPI_no_fb_runt!$D26 -> 0 | K27: 0 | L27: =AVERAGE(B27:K27) -> 0.5
A28: 25 | B28: 0 | C28: 0 | D28: ='[3]GABM_R03_NavidAPI_no_fb-data'!$D27 -> 0 | E28: 0 | F28: ='[5]GABM_R03_SudipaAPI_no_fb-data'!$D27 -> 1 | G28: 0 | H28: ='[7]GABM_R03_savannah_no_fb-data'!$D27 -> 0 | I28: ='[8]GABM_R03_Terry_no_fb_run_two-da'!$D27 -> 0 | J28: 0 | K28: 0 | L28: =AVERAGE(B28:K28) -> 0.1
A29: 26 | B29: 0 | C29: 0 | D29: 0 | E29: 0 | F29: ='[5]GABM_R03_SudipaAPI_no_fb-data'!$D28 -> 0 | G29: 0 | H29: 0 | I29: 0 | J29: 0 | K29: 0 | L29: =AVERAGE(B29:K29) -> 0

Sheet Infected SF
A1: Number of Infections per timestep
A2: Time Step | B2: Run 1 | C2: Run 2 | D2: Run 3 | E2: Run 4 | F2: Run 5 | G2: Run 6 | H2: Run 7 | I2: Run 8 | J2: Run 9 | K2: Run 10 | L2: Average
A3: 0 | B3: ='[11]GABM_R03_NavidAPI_sf_fb-data'!$D2 -> 2 | C3: ='[12]GABM_R03_savannah_sf_fb-data'!$D2 -> 2 | D3: ='[13]GABM_R03_MitchellAPI_sf_fb-data'!$D2 -> 2 | E3: ='[14]GABM_R03_RandiAPI_sf_fb-data'!$D2 -> 2 | F3: ='[15]GABM_R03_Terry_sf_fb-data'!$D2 -> 2 | G3: ='[16]R03_GABM_NiyoushaAPI_sf_fb-data'!$D2 -> 2 | H3: ='[17]GABM_R03_SudipaAPI_sf_fb-data'!$D2 -> 2 | I3: ='[18]GABM_R03_Terry_sf_fb_2-data'!$D2 -> 2 | J3: ='[19]GABM_R03_NavidAPI_sf_fb_2-data'!$D2 -> 2 | K3: ='[20]R03_GABM_NiyoushaAPI_sf_fb_2-da'!$D2 -> 2 | L3: =AVERAGE(B3:K3) -> 2
A4: 1 | B4: ='[11]GABM_R03_NavidAPI_sf_fb-data'!$D3 -> 6 | C4: ='[12]GABM_R03_savannah_sf_fb-data'!$D3 -> 4 | D4: ='[13]GABM_R03_MitchellAPI_sf_fb-data'!$D3 -> 4 | E4: ='[14]GABM_R03_RandiAPI_sf_fb-data'!$D3 -> 2 | F4: ='[15]GABM_R03_Terry_sf_fb-data'!$D3 -> 5 | G4: ='[16]R03_GABM_NiyoushaAPI_sf_fb-data'!$D3 -> 4 | H4: ='[17]GABM_R03_SudipaAPI_sf_fb-data'!$D3 -> 3 | I4: ='[18]GABM_R03_Terry_sf_fb_2-data'!$D3 -> 6 | J4: ='[19]GABM_R03_NavidAPI_sf_fb_2-data'!$D3 -> 4 | K4: ='[20]R03_GABM_NiyoushaAPI_sf_fb_2-da'!$D3 -> 2 | L4: =AVERAGE(B4:K4) -> 4
A5: 2 | B5: ='[11]GABM_R03_NavidAPI_sf_fb-data'!$D4 -> 10 | C5: ='[12]GABM_R03_savannah_sf_fb-data'!$D4 -> 12 | D5: ='[13]GABM_R03_MitchellAPI_sf_fb-data'!$D4 -> 7 | E5: ='[14]GABM_R03_RandiAPI_sf_fb-data'!$D4 -> 2 | F5: ='[15]GABM_R03_Terry_sf_fb-data'!$D4 -> 11 | G5: ='[16]R03_GABM_NiyoushaAPI_sf_fb-data'!$D4 -> 9 | H5: ='[17]GABM_R03_SudipaAPI_sf_fb-data'!$D4 -> 6 | I5: ='[18]GABM_R03_Terry_sf_fb_2-data'!$D4 -> 11 | J5: ='[19]GABM_R03_NavidAPI_sf_fb_2-data'!$D4 -> 11 | K5: ='[20]R03_GABM_NiyoushaAPI_sf_fb_2-da'!$D4 -> 6 | L5: =AVERAGE(B5:K5) -> 8.5
A6: 3 | B6: ='[11]GABM_R03_NavidAPI_sf_fb-data'!$D5 -> 21 | C6: ='[12]GABM_R03_savannah_sf_fb-data'!$D5 -> 17 | D6: ='[13]GABM_R03_MitchellAPI_sf_fb-data'!$D5 -> 11 | E6: ='[14]GABM_R03_RandiAPI_sf_fb-data'!$D5 -> 2 | F6: ='[15]GABM_R03_Terry_sf_fb-data'!$D5 -> 18 | G6: ='[16]R03_GABM_NiyoushaAPI_sf_fb-data'!$D5 -> 20 | H6: ='[17]GABM_R03_SudipaAPI_sf_fb-data'!$D5 -> 13 | I6: ='[18]GABM_R03_Terry_sf_fb_2-data'!$D5 -> 22 | J6: ='[19]GABM_R03_NavidAPI_sf_fb_2-data'!$D5 -> 17 | K6: ='[20]R03_GABM_NiyoushaAPI_sf_fb_2-da'!$D5 -> 9 | L6: =AVERAGE(B6:K6) -> 15
A7: 4 | B7: ='[11]GABM_R03_NavidAPI_sf_fb-data'!$D6 -> 37 | C7: ='[12]GABM_R03_savannah_sf_fb-data'!$D6 -> 26 | D7: ='[13]GABM_R03_MitchellAPI_sf_fb-data'!$D6 -> 19 | E7: ='[14]GABM_R03_RandiAPI_sf_fb-data'!$D6 -> 2 | F7: ='[15]GABM_R03_Terry_sf_fb-data'!$D6 -> 25 | G7: ='[16]R03_GABM_NiyoushaAPI_sf_fb-data'!$D6 -> 30 | H7: ='[17]GABM_R03_SudipaAPI_sf_fb-data'!$D6 -> 20 | I7: ='[18]GABM_R03_Terry_sf_fb_2-data'!$D6 -> 38 | J7: ='[19]GABM_R03_NavidAPI_sf_fb_2-data'!$D6 -> 27 | K7: ='[20]R03_GABM_NiyoushaAPI_sf_fb_2-da'!$D6 -> 14 | L7: =AVERAGE(B7:K7) -> 23.8
A8: 5 | B8: ='[11]GABM_R03_NavidAPI_sf_fb-data'!$D7 -> 66 | C8: ='[12]GABM_R03_savannah_sf_fb-data'!$D7 -> 40 | D8: ='[13]GABM_R03_MitchellAPI_sf_fb-data'!$D7 -> 30 | E8: ='[14]GABM_R03_RandiAPI_sf_fb-data'!$D7 -> 2 | F8: ='[15]GABM_R03_Terry_sf_fb-data'!$D7 -> 41 | G8: ='[16]R03_GABM_NiyoushaAPI_sf_fb-data'!$D7 -> 47 | H8: ='[17]GABM_R03_SudipaAPI_sf_fb-data'!$D7 -> 34 | I8: ='[18]GABM_R03_Terry_sf_fb_2-data'!$D7 -> 63 | J8: ='[19]GABM_R03_NavidAPI_sf_fb_2-data'!$D7 -> 41 | K8: ='[20]R03_GABM_NiyoushaAPI_sf_fb_2-da'!$D7 -> 22 | L8: =AVERAGE(B8:K8) -> 38.6
A9: 6 | B9: ='[11]GABM_R03_NavidAPI_sf_fb-data'!$D8 -> 101 | C9: ='[12]GABM_R03_savannah_sf_fb-data'!$D8 -> 53 | D9: ='[13]GABM_R03_MitchellAPI_sf_fb-data'!$D8 -> 47 | E9: ='[14]GABM_R03_RandiAPI_sf_fb-data'!$D8 -> 0 | F9: ='[15]GABM_R03_Terry_sf_fb-data'!$D8 -> 64 | G9: ='[16]R03_GABM_NiyoushaAPI_sf_fb-data'!$D8 -> 71 | H9: ='[17]GABM_R03_SudipaAPI_sf_fb-data'!$D8 -> 56 | I9: ='[18]GABM_R03_Terry_sf_fb_2-data'!$D8 -> 102 | J9: ='[19]GABM_R03_NavidAPI_sf_fb_2-data'!$D8 -> 55 | K9: ='[20]R03_GABM_NiyoushaAPI_sf_fb_2-da'!$D8 -> 32 | L9: =AVERAGE(B9:K9) -> 58.1
A10: 7 | B10: ='[11]GABM_R03_NavidAPI_sf_fb-data'!$D9 -> 154 | C10: ='[12]GABM_R03_savannah_sf_fb-data'!$D9 -> 79 | D10: ='[13]GABM_R03_MitchellAPI_sf_fb-data'!$D9 -> 64 | E10: ='[14]GABM_R03_RandiAPI_sf_fb-data'!$D9 -> 0 | F10: ='[15]GABM_R03_Terry_sf_fb-data'!$D9 -> 101 | G10: ='[16]R03_GABM_NiyoushaAPI_sf_fb-data'!$D9 -> 118 | H10: ='[17]GABM_R03_SudipaAPI_sf_fb-data'!$D9 -> 93 | I10: ='[18]GABM_R03_Terry_sf_fb_2-data'!$D9 -> 159 | J10: ='[19]GABM_R03_NavidAPI_sf_fb_2-data'!$D9 -> 84 | K10: ='[20]R03_GABM_NiyoushaAPI_sf_fb_2-da'!$D9 -> 45 | L10: =AVERAGE(B10:K10) -> 89.7
A11: 8 | B11: ='[11]GABM_R03_NavidAPI_sf_fb-data'!$D10 -> 212 | C11: ='[12]GABM_R03_savannah_sf_fb-data'!$D10 -> 107 | D11: ='[13]GABM_R03_MitchellAPI_sf_fb-data'!$D10 -> 94 | E11: ='[14]GABM_R03_RandiAPI_sf_fb-data'!$D10 -> 0 | F11: ='[15]GABM_R03_Terry_sf_fb-data'!$D10 -> 155 | G11: ='[16]R03_GABM_NiyoushaAPI_sf_fb-data'!$D10 -> 169 | H11: ='[17]GABM_R03_SudipaAPI_sf_fb-data'!$D10 -> 136 | I11: ='[18]GABM_R03_Terry_sf_fb_2-data'!$D10 -> 231 | J11: ='[19]GABM_R03_NavidAPI_sf_fb_2-data'!$D10 -> 109 | K11: ='[20]R03_GABM_NiyoushaAPI_sf_fb_2-da'!$D10 -> 66 | L11: =AVERAGE(B11:K11) -> 127.9
A12: 9 | B12: ='[11]GABM_R03_NavidAPI_sf_fb-data'!$D11 -> 273 | C12: ='[12]GABM_R03_savannah_sf_fb-data'!$D11 -> 152 | D12: ='[13]GABM_R03_MitchellAPI_sf_fb-data'!$D11 -> 132 | E12: ='[14]GABM_R03_RandiAPI_sf_fb-data'!$D11 -> 0 | F12: ='[15]GABM_R03_Terry_sf_fb-data'!$D11 -> 219 | G12: ='[16]R03_GABM_NiyoushaAPI_sf_fb-data'!$D11 -> 241 | H12: ='[17]GABM_R03_SudipaAPI_sf_fb-data'!$D11 -> 200 | I12: ='[18]GABM_R03_Terry_sf_fb_2-data'!$D11 -> 315 | J12: ='[19]GABM_R03_NavidAPI_sf_fb_2-data'!$D11 -> 157 | K12: ='[20]R03_GABM_NiyoushaAPI_sf_fb_2-da'!$D11 -> 97 | L12: =AVERAGE(B12:K12) -> 178.6
A13: 10 | B13: ='[11]GABM_R03_NavidAPI_sf_fb-data'!$D12 -> 344 | C13: ='[12]GABM_R03_savannah_sf_fb-data'!$D12 -> 208 | D13: ='[13]GABM_R03_MitchellAPI_sf_fb-data'!$D12 -> 183 | E13: ='[14]GABM_R03_RandiAPI_sf_fb-data'!$D12 -> 0 | F13: ='[15]GABM_R03_Terry_sf_fb-data'!$D12 -> 316 | G13: ='[16]R03_GABM_NiyoushaAPI_sf_fb-data'!$D12 -> 316 | H13: ='[17]GABM_R03_SudipaAPI_sf_fb-data'!$D12 -> 269 | I13: ='[18]GABM_R03_Terry_sf_fb_2-data'!$D12 -> 392 | J13: ='[19]GABM_R03_NavidAPI_sf_fb_2-data'!$D12 -> 214 | K13: ='[20]R03_GABM_NiyoushaAPI_sf_fb_2-da'!$D12 -> 131 | L13: =AVERAGE(B13:K13) -> 237.3
A14: 11 | B14: ='[11]GABM_R03_NavidAPI_sf_fb-data'!$D13 -> 397 | C14: ='[12]GABM_R03_savannah_sf_fb-data'!$D13 -> 269 | D14: ='[13]GABM_R03_MitchellAPI_sf_fb-data'!$D13 -> 231 | E14: ='[14]GABM_R03_RandiAPI_sf_fb-data'!$D13 -> 0 | F14: ='[15]GABM_R03_Terry_sf_fb-data'!$D13 -> 399 | G14: ='[16]R03_GABM_NiyoushaAPI_sf_fb-data'!$D13 -> 413 | H14: ='[17]GABM_R03_SudipaAPI_sf_fb-data'!$D13 -> 348 | I14: ='[18]GABM_R03_Terry_sf_fb_2-data'!$D13 -> 466 | J14: ='[19]GABM_R03_NavidAPI_sf_fb_2-data'!$D13 -> 278 | K14: ='[20]R03_GABM_NiyoushaAPI_sf_fb_2-da'!$D13 -> 182 | L14: =AVERAGE(B14:K14) -> 298.3
... A37: 34 | B37: ='[11]GABM_R03_NavidAPI_sf_fb-data'!$D36 -> 0 | C37: ='[12]GABM_R03_savannah_sf_fb-data'!$D36 -> 0 | D37: ='[13]GABM_R03_MitchellAPI_sf_fb-data'!$D36 -> 0 | E37: ='[14]GABM_R03_RandiAPI_sf_fb-data'!$D36 -> 0 | F37: ='[15]GABM_R03_Terry_sf_fb-data'!$D36 -> 0 | G37: ='[16]R03_GABM_NiyoushaAPI_sf_fb-data'!$D36 -> 0 | H37: ='[17]GABM_R03_SudipaAPI_sf_fb-data'!$D36 -> 0 | I37: ='[18]GABM_R03_Terry_sf_fb_2-data'!$D36 -> 0 | J37: ='[19]GABM_R03_NavidAPI_sf_fb_2-data'!$D36 -> 0 | K37: ='[20]R03_GABM_NiyoushaAPI_sf_fb_2-da'!$D36 -> 0 | L37: =AVERAGE(B37:K37) -> 0

Sheet Infected FF
A1: Number of Infections per timestep
A2: Time Step | B2: Run 1 | C2: Run 2 | D2: Run 3 | E2: Run 4 | F2: Run 5 | G2: Run 6 | H2: Run 7 | I2: Run 8 | J2: Run 9 | K2: Run 10 | L2: Average
A3: 0 | B3: ='[21]R03_GABM-data'!$D2 -> 2 | C3: ='[22]GABM_R03_RossAPI-data'!$D2 -> 2 | D3: ='[23]GABM_R03_RandiAPI-data'!$D2 -> 2 | E3: ='[24]GABM_R03_NavidAPI-data'!$D2 -> 2 | F3: ='[25]GABM_R03_Terry-data'!$D2 -> 2 | G3: ='[26]GABM_R03_SarahAPI-data'!$D2 -> 2 | H3: ='[27]GABM_R03_savannah-data'!$D2 -> 2 | I3: ='[28]GABM_R03_MitchellAPI-data'!$D2 -> 2 | J3: ='[29]GABM_R03_SudipaAPI-data'!$D2 -> 2 | K3: ='[30]R03_GABM_run2-data'!$D2 -> 2 | L3: =AVERAGE(B3:K3) -> 2
A4: 1 | B4: ='[21]R03_GABM-data'!$D3 -> 5 | C4: ='[22]GABM_R03_RossAPI-data'!$D3 -> 3 | D4: ='[23]GABM_R03_RandiAPI-data'!$D3 -> 6 | E4: ='[24]GABM_R03_NavidAPI-data'!$D3 -> 2 | F4: ='[25]GABM_R03_Terry-data'!$D3 -> 4 | G4: ='[26]GABM_R03_SarahAPI-data'!$D3 -> 2 | H4: ='[27]GABM_R03_savannah-data'!$D3 -> 3 | I4: ='[28]GABM_R03_MitchellAPI-data'!$D3 -> 5 | J4: ='[29]GABM_R03_SudipaAPI-data'!$D3 -> 5 | K4: ='[30]R03_GABM_run2-data'!$D3 -> 7 | L4: =AVERAGE(B4:K4) -> 4.2
A5: 2 | B5: ='[21]R03_GABM-data'!$D4 -> 14 | C5: ='[22]GABM_R03_RossAPI-data'!$D4 -> 7 | D5: ='[23]GABM_R03_RandiAPI-data'!$D4 -> 11 | E5: ='[24]GABM_R03_NavidAPI-data'!$D4 -> 5 | F5: ='[25]GABM_R03_Terry-data'!$D4 -> 9 | G5: ='[26]GABM_R03_SarahAPI-data'!$D4 -> 4 | H5: ='[27]GABM_R03_savannah-data'!$D4 -> 5 | I5: ='[28]GABM_R03_MitchellAPI-data'!$D4 -> 12 | J5: ='[29]GABM_R03_SudipaAPI-data'!$D4 -> 7 | K5: ='[30]R03_GABM_run2-data'!$D4 -> 10 | L5: =AVERAGE(B5:K5) -> 8.4
A6: 3 | B6: ='[21]R03_GABM-data'!$D5 -> 22 | C6: ='[22]GABM_R03_RossAPI-data'!$D5 -> 17 | D6: ='[23]GABM_R03_RandiAPI-data'!$D5 -> 20 | E6: ='[24]GABM_R03_NavidAPI-data'!$D5 -> 13 | F6: ='[25]GABM_R03_Terry-data'!$D5 -> 15 | G6: ='[26]GABM_R03_SarahAPI-data'!$D5 -> 6 | H6: ='[27]GABM_R03_savannah-data'!$D5 -> 10 | I6: ='[28]GABM_R03_MitchellAPI-data'!$D5 -> 23 | J6: ='[29]GABM_R03_SudipaAPI-data'!$D5 -> 12 | K6: ='[30]R03_GABM_run2-data'!$D5 -> 15 | L6: =AVERAGE(B6:K6) -> 15.3
A7: 4 | B7: ='[21]R03_GABM-data'!$D6 -> 35 | C7: ='[22]GABM_R03_RossAPI-data'!$D6 -> 33 | D7: ='[23]GABM_R03_RandiAPI-data'!$D6 -> 27 | E7: ='[24]GABM_R03_NavidAPI-data'!$D6 -> 20 | F7: ='[25]GABM_R03_Terry-data'!$D6 -> 23 | G7: ='[26]GABM_R03_SarahAPI-data'!$D6 -> 9 | H7: ='[27]GABM_R03_savannah-data'!$D6 -> 14 | I7: ='[28]GABM_R03_MitchellAPI-data'!$D6 -> 31 | J7: ='[29]GABM_R03_SudipaAPI-data'!$D6 -> 13 | K7: ='[30]R03_GABM_run2-data'!$D6 -> 20 | L7: =AVERAGE(B7:K7) -> 22.5
A8: 5 | B8: ='[21]R03_GABM-data'!$D7 -> 50 | C8: ='[22]GABM_R03_RossAPI-data'!$D7 -> 48 | D8: ='[23]GABM_R03_RandiAPI-data'!$D7 -> 34 | E8: ='[24]GABM_R03_NavidAPI-data'!$D7 -> 39 | F8: ='[25]GABM_R03_Terry-data'!$D7 -> 33 | G8: ='[26]GABM_R03_SarahAPI-data'!$D7 -> 17 | H8: ='[27]GABM_R03_savannah-data'!$D7 -> 16 | I8: ='[28]GABM_R03_MitchellAPI-data'!$D7 -> 44 | J8: ='[29]GABM_R03_SudipaAPI-data'!$D7 -> 17 | K8: ='[30]R03_GABM_run2-data'!$D7 -> 22 | L8: =AVERAGE(B8:K8) -> 32
A9: 6 | B9: ='[21]R03_GABM-data'!$D8 -> 68 | C9: ='[22]GABM_R03_RossAPI-data'!$D8 -> 64 | D9: ='[23]GABM_R03_RandiAPI-data'!$D8 -> 38 | E9: ='[24]GABM_R03_NavidAPI-data'!$D8 -> 52 | F9: ='[25]GABM_R03_Terry-data'!$D8 -> 41 | G9: ='[26]GABM_R03_SarahAPI-data'!$D8 -> 19 | H9: ='[27]GABM_R03_savannah-data'!$D8 -> 19 | I9: ='[28]GABM_R03_MitchellAPI-data'!$D8 -> 56 | J9: ='[29]GABM_R03_SudipaAPI-data'!$D8 -> 18 | K9: ='[30]R03_GABM_run2-data'!$D8 -> 24 | L9: =AVERAGE(B9:K9) -> 39.9
A10: 7 | B10: ='[21]R03_GABM-data'!$D9 -> 81 | C10: ='[22]GABM_R03_RossAPI-data'!$D9 -> 89 | D10: ='[23]GABM_R03_RandiAPI-data'!$D9 -> 46 | E10: ='[24]GABM_R03_NavidAPI-data'!$D9 -> 67 | F10: ='[25]GABM_R03_Terry-data'!$D9 -> 48 | G10: ='[26]GABM_R03_SarahAPI-data'!$D9 -> 29 | H10: ='[27]GABM_R03_savannah-data'!$D9 -> 20 | I10: ='[28]GABM_R03_MitchellAPI-data'!$D9 -> 67 | J10: ='[29]GABM_R03_SudipaAPI-data'!$D9 -> 18 | K10: ='[30]R03_GABM_run2-data'!$D9 -> 21 | L10: =AVERAGE(B10:K10) -> 48.6
A11: 8 | B11: ='[21]R03_GABM-data'!$D10 -> 85 | C11: ='[22]GABM_R03_RossAPI-data'!$D10 -> 92 | D11: ='[23]GABM_R03_RandiAPI-data'!$D10 -> 52 | E11: ='[24]GABM_R03_NavidAPI-data'!$D10 -> 84 | F11: ='[25]GABM_R03_Terry-data'!$D10 -> 58 | G11: ='[26]GABM_R03_SarahAPI-data'!$D10 -> 39 | H11: ='[27]GABM_R03_savannah-data'!$D10 -> 25 | I11: ='[28]GABM_R03_MitchellAPI-data'!$D10 -> 67 | J11: ='[29]GABM_R03_SudipaAPI-data'!$D10 -> 19 | K11: ='[30]R03_GABM_run2-data'!$D10 -> 22 | L11: =AVERAGE(B11:K11) -> 54.3
A12: 9 | B12: ='[21]R03_GABM-data'!$D11 -> 82 | C12: ='[22]GABM_R03_RossAPI-data'!$D11 -> 86 | D12: ='[23]GABM_R03_RandiAPI-data'!$D11 -> 61 | E12: ='[24]GABM_R03_NavidAPI-data'!$D11 -> 90 | F12: ='[25]GABM_R03_Terry-data'!$D11 -> 69 | G12: ='[26]GABM_R03_SarahAPI-data'!$D11 -> 51 | H12: ='[27]GABM_R03_savannah-data'!$D11 -> 26 | I12: ='[28]GABM_R03_MitchellAPI-data'!$D11 -> 64 | J12: ='[29]GABM_R03_SudipaAPI-data'!$D11 -> 16 | K12: ='[30]R03_GABM_run2-data'!$D11 -> 21 | L12: =AVERAGE(B12:K12) -> 56.6
A13: 10 | B13: ='[21]R03_GABM-data'!$D12 -> 74 | C13: ='[22]GABM_R03_RossAPI-data'!$D12 -> 74 | D13: ='[23]GABM_R03_RandiAPI-data'!$D12 -> 71 | E13: ='[24]GABM_R03_NavidAPI-data'!$D12 -> 89 | F13: ='[25]GABM_R03_Terry-data'!$D12 -> 95 | G13: ='[26]GABM_R03_SarahAPI-data'!$D12 -> 68 | H13: ='[27]GABM_R03_savannah-data'!$D12 -> 29 | I13: ='[28]GABM_R03_MitchellAPI-data'!$D12 -> 61 | J13: ='[29]GABM_R03_SudipaAPI-data'!$D12 -> 21 | K13: ='[30]R03_GABM_run2-data'!$D12 -> 21 | L13: =AVERAGE(B13:K13) -> 60.3
A14: 11 | B14: ='[21]R03_GABM-data'!$D13 -> 63 | C14: ='[22]GABM_R03_RossAPI-data'!$D13 -> 61 | D14: ='[23]GABM_R03_RandiAPI-data'!$D13 -> 70 | E14: ='[24]GABM_R03_NavidAPI-data'!$D13 -> 73 | F14: ='[25]GABM_R03_Terry-data'!$D13 -> 112 | G14: ='[26]GABM_R03_SarahAPI-data'!$D13 -> 89 | H14: ='[27]GABM_R03_savannah-data'!$D13 -> 31 | I14: ='[28]GABM_R03_MitchellAPI-data'!$D13 -> 54 | J14: ='[29]GABM_R03_SudipaAPI-data'!$D13 -> 22 | K14: ='[30]R03_GABM_run2-data'!$D13 -> 26 | L14: =AVERAGE(B14:K14) -> 60.1
... A200: 197 | B200: ='[21]R03_GABM-data'!$D199 -> 0 | C200: ='[22]GABM_R03_RossAPI-data'!$D199 -> 0 | D200: ='[23]GABM_R03_RandiAPI-data'!$D199 -> 0 | E200: ='[24]GABM_R03_NavidAPI-data'!$D199 -> 0 | F200: ='[25]GABM_R03_Terry-data'!$D199 -> 0 | G200: ='[26]GABM_R03_SarahAPI-data'!$D199 -> 0 | H200: ='[27]GABM_R03_savannah-data'!$D199 -> 0 | I200: ='[28]GABM_R03_MitchellAPI-data'!$D199 -> 0 | J200: ='[29]GABM_R03_SudipaAPI-data'!$D199 -> 0 | K200: ='[30]R03_GABM_run2-data'!$D199 -> 0 | L200: =AVERAGE(B200:K200) -> 0

Sheet Mobility NF
A1: Mobility per timestep
A2: Time Step | B2: Run 1 | C2: Run 2 | D2: Run 3 | E2: Run 4 | F2: Run 5 | G2: Run 6 | H2: Run 7 | I2: Run 8 | J2: Run 9 | K2: Run 10 | L2: Average
A3: 0 | B3: 1 | C3: 1 | D3: 1 | E3: 1 | F3: 1 | G3: 1 | H3: 1 | I3: 1 | J3: 1 | K3: 1 | L3: =AVERAGE(B3:K3) -> 1
A4: 1 | B4: ='[1]GABM_R03_Terry_no_fb-data'!$J3/'[1]GABM_R03_Terry_no_fb-data'!$L3 -> 0.9996 | C4: ='[2]GABM_R03_MitchellAPI_no_fb-data'!$J3/'[2]GABM_R03_MitchellAPI_no_fb-data'!$L3 -> 1 | D4: ='[3]GABM_R03_NavidAPI_no_fb-data'!$J3/'[3]GABM_R03_NavidAPI_no_fb-data'!$L3 -> 0.998 | E4: ='[4]GABM_R03_RandiAPI_no_fb_runtwo-'!$J3/'[4]GABM_R03_RandiAPI_no_fb_runtwo-'!$L3 -> 0.998 | F4: ='[5]GABM_R03_SudipaAPI_no_fb-data'!$J3/'[5]GABM_R03_SudipaAPI_no_fb-data'!$L3 -> 0.9972 | G4: ='[6]GABM_R03_NavidAPI_no_fb_runtwo-'!$J3/'[6]GABM_R03_NavidAPI_no_fb_runtwo-'!$L3 -> 1 | H4: ='[7]GABM_R03_savannah_no_fb-data'!$J3/'[7]GABM_R03_savannah_no_fb-data'!$L3 -> 0.9996 | I4: ='[8]GABM_R03_Terry_no_fb_run_two-da'!$J3/'[8]GABM_R03_Terry_no_fb_run_two-da'!$L3 -> 0.9956 | J4: =[9]GABM_R03_MitchellAPI_no_fb_runt!$J3/[9]GABM_R03_MitchellAPI_no_fb_runt!$L3 -> 1 | K4: ='[10]R03_GABM_NiyoushaAPI_no_fb-data'!$J3/'[10]R03_GABM_NiyoushaAPI_no_fb-data'!$L3 -> 0.9992 | L4: =AVERAGE(B4:K4) -> 0.99872
A5: 2 | B5: ='[1]GABM_R03_Terry_no_fb-data'!$J4/'[1]GABM_R03_Terry_no_fb-data'!$L4 -> 1 | C5: ='[2]GABM_R03_MitchellAPI_no_fb-data'!$J4/'[2]GABM_R03_MitchellAPI_no_fb-data'!$L4 -> 0.9996 | D5: ='[3]GABM_R03_NavidAPI_no_fb-data'!$J4/'[3]GABM_R03_NavidAPI_no_fb-data'!$L4 -> 0.9972 | E5: ='[4]GABM_R03_RandiAPI_no_fb_runtwo-'!$J4/'[4]GABM_R03_RandiAPI_no_fb_runtwo-'!$L4 -> 0.9984 | F5: ='[5]GABM_R03_SudipaAPI_no_fb-data'!$J4/'[5]GABM_R03_SudipaAPI_no_fb-data'!$L4 -> 0.9972 | G5: ='[6]GABM_R03_NavidAPI_no_fb_runtwo-'!$J4/'[6]GABM_R03_NavidAPI_no_fb_runtwo-'!$L4 -> 0.9996 | H5: ='[7]GABM_R03_savannah_no_fb-data'!$J4/'[7]GABM_R03_savannah_no_fb-data'!$L4 -> 1 | I5: ='[8]GABM_R03_Terry_no_fb_run_two-da'!$J4/'[8]GABM_R03_Terry_no_fb_run_two-da'!$L4 -> 0.9948 | J5: =[9]GABM_R03_MitchellAPI_no_fb_runt!$J4/[9]GABM_R03_MitchellAPI_no_fb_runt!$L4 -> 0.9996 | K5: ='[10]R03_GABM_NiyoushaAPI_no_fb-data'!$J4/'[10]R03_GABM_NiyoushaAPI_no_fb-data'!$L4 -> 0.9996 | L5: =AVERAGE(B5:K5) -> 0.9986
A6: 3 | B6: ='[1]GABM_R03_Terry_no_fb-data'!$J5/'[1]GABM_R03_Terry_no_fb-data'!$L5 -> 1 | C6: ='[2]GABM_R03_MitchellAPI_no_fb-data'!$J5/'[2]GABM_R03_MitchellAPI_no_fb-data'!$L5 -> 1 | D6: ='[3]GABM_R03_NavidAPI_no_fb-data'!$J5/'[3]GABM_R03_NavidAPI_no_fb-data'!$L5 -> 0.998 | E6: ='[4]GABM_R03_RandiAPI_no_fb_runtwo-'!$J5/'[4]GABM_R03_RandiAPI_no_fb_runtwo-'!$L5 -> 0.9976 | F6: ='[5]GABM_R03_SudipaAPI_no_fb-data'!$J5/'[5]GABM_R03_SudipaAPI_no_fb-data'!$L5 -> 0.9976 | G6: ='[6]GABM_R03_NavidAPI_no_fb_runtwo-'!$J5/'[6]GABM_R03_NavidAPI_no_fb_runtwo-'!$L5 -> 1 | H6: ='[7]GABM_R03_savannah_no_fb-data'!$J5/'[7]GABM_R03_savannah_no_fb-data'!$L5 -> 1 | I6: ='[8]GABM_R03_Terry_no_fb_run_two-da'!$J5/'[8]GABM_R03_Terry_no_fb_run_two-da'!$L5 -> 0.9952 | J6: =[9]GABM_R03_MitchellAPI_no_fb_runt!$J5/[9]GABM_R03_MitchellAPI_no_fb_runt!$L5 -> 0.9996 | K6: ='[10]R03_GABM_NiyoushaAPI_no_fb-data'!$J5/'[10]R03_GABM_NiyoushaAPI_no_fb-data'!$L5 -> 1 | L6: =AVERAGE(B6:K6) -> 0.9988
A7: 4 | B7: ='[1]GABM_R03_Terry_no_fb-data'!$J6/'[1]GABM_R03_Terry_no_fb-data'!$L6 -> 0.9996 | C7: ='[2]GABM_R03_MitchellAPI_no_fb-data'!$J6/'[2]GABM_R03_MitchellAPI_no_fb-data'!$L6 -> 1 | D7: ='[3]GABM_R03_NavidAPI_no_fb-data'!$J6/'[3]GABM_R03_NavidAPI_no_fb-data'!$L6 -> 0.9984 | E7: ='[4]GABM_R03_RandiAPI_no_fb_runtwo-'!$J6/'[4]GABM_R03_RandiAPI_no_fb_runtwo-'!$L6 -> 0.9972 | F7: ='[5]GABM_R03_SudipaAPI_no_fb-data'!$J6/'[5]GABM_R03_SudipaAPI_no_fb-data'!$L6 -> 0.998 | G7: ='[6]GABM_R03_NavidAPI_no_fb_runtwo-'!$J6/'[6]GABM_R03_NavidAPI_no_fb_runtwo-'!$L6 -> 0.9996 | H7: ='[7]GABM_R03_savannah_no_fb-data'!$J6/'[7]GABM_R03_savannah_no_fb-data'!$L6 -> 1 | I7: ='[8]GABM_R03_Terry_no_fb_run_two-da'!$J6/'[8]GABM_R03_Terry_no_fb_run_two-da'!$L6 -> 0.996 | J7: =[9]GABM_R03_MitchellAPI_no_fb_runt!$J6/[9]GABM_R03_MitchellAPI_no_fb_runt!$L6 -> 0.9996 | K7: ='[10]R03_GABM_NiyoushaAPI_no_fb-data'!$J6/'[10]R03_GABM_NiyoushaAPI_no_fb-data'!$L6 -> 0.9964 | L7: =AVERAGE(B7:K7) -> 0.99848
A8: 5 | B8: ='[1]GABM_R03_Terry_no_fb-data'!$J7/'[1]GABM_R03_Terry_no_fb-data'!$L7 -> 0.9996 | C8: ='[2]GABM_R03_MitchellAPI_no_fb-data'!$J7/'[2]GABM_R03_MitchellAPI_no_fb-data'!$L7 -> 1 | D8: ='[3]GABM_R03_NavidAPI_no_fb-data'!$J7/'[3]GABM_R03_NavidAPI_no_fb-data'!$L7 -> 0.9972 | E8: ='[4]GABM_R03_RandiAPI_no_fb_runtwo-'!$J7/'[4]GABM_R03_RandiAPI_no_fb_runtwo-'!$L7 -> 0.998 | F8: ='[5]GABM_R03_SudipaAPI_no_fb-data'!$J7/'[5]GABM_R03_SudipaAPI_no_fb-data'!$L7 -> 0.998 | G8: ='[6]GABM_R03_NavidAPI_no_fb_runtwo-'!$J7/'[6]GABM_R03_NavidAPI_no_fb_runtwo-'!$L7 -> 1 | H8: ='[7]GABM_R03_savannah_no_fb-data'!$J7/'[7]GABM_R03_savannah_no_fb-data'!$L7 -> 1 | I8: ='[8]GABM_R03_Terry_no_fb_run_two-da'!$J7/'[8]GABM_R03_Terry_no_fb_run_two-da'!$L7 -> 0.994 | J8: =[9]GABM_R03_MitchellAPI_no_fb_runt!$J7/[9]GABM_R03_MitchellAPI_no_fb_runt!$L7 -> 0.9996 | K8: ='[10]R03_GABM_NiyoushaAPI_no_fb-data'!$J7/'[10]R03_GABM_NiyoushaAPI_no_fb-data'!$L7 -> 1 | L8: =AVERAGE(B8:K8) -> 0.99864
A9: 6 | B9: ='[1]GABM_R03_Terry_no_fb-data'!$J8/'[1]GABM_R03_Terry_no_fb-data'!$L8 -> 0.9996 | C9: ='[2]GABM_R03_MitchellAPI_no_fb-data'!$J8/'[2]GABM_R03_MitchellAPI_no_fb-data'!$L8 -> 1 | D9: ='[3]GABM_R03_NavidAPI_no_fb-data'!$J8/'[3]GABM_R03_NavidAPI_no_fb-data'!$L8 -> 0.9976 | E9: ='[4]GABM_R03_RandiAPI_no_fb_runtwo-'!$J8/'[4]GABM_R03_RandiAPI_no_fb_runtwo-'!$L8 -> 0.9972 | F9: ='[5]GABM_R03_SudipaAPI_no_fb-data'!$J8/'[5]GABM_R03_SudipaAPI_no_fb-data'!$L8 -> 0.998 | G9: ='[6]GABM_R03_NavidAPI_no_fb_runtwo-'!$J8/'[6]GABM_R03_NavidAPI_no_fb_runtwo-'!$L8 -> 1 | H9: ='[7]GABM_R03_savannah_no_fb-data'!$J8/'[7]GABM_R03_savannah_no_fb-data'!$L8 -> 0.9996 | I9: ='[8]GABM_R03_Terry_no_fb_run_two-da'!$J8/'[8]GABM_R03_Terry_no_fb_run_two-da'!$L8 -> 0.996 | J9: =[9]GABM_R03_MitchellAPI_no_fb_runt!$J8/[9]GABM_R03_MitchellAPI_no_fb_runt!$L8 -> 1 | K9: ='[10]R03_GABM_NiyoushaAPI_no_fb-data'!$J8/'[10]R03_GABM_NiyoushaAPI_no_fb-data'!$L8 -> 1 | L9: =AVERAGE(B9:K9) -> 0.9988
A10: 7 | B10: ='[1]GABM_R03_Terry_no_fb-data'!$J9/'[1]GABM_R03_Terry_no_fb-data'!$L9 -> 0.9992 | C10: ='[2]GABM_R03_MitchellAPI_no_fb-data'!$J9/'[2]GABM_R03_MitchellAPI_no_fb-data'!$L9 -> 1 | D10: ='[3]GABM_R03_NavidAPI_no_fb-data'!$J9/'[3]GABM_R03_NavidAPI_no_fb-data'!$L9 -> 0.998 | E10: ='[4]GABM_R03_RandiAPI_no_fb_runtwo-'!$J9/'[4]GABM_R03_RandiAPI_no_fb_runtwo-'!$L9 -> 0.998 | F10: ='[5]GABM_R03_SudipaAPI_no_fb-data'!$J9/'[5]GABM_R03_SudipaAPI_no_fb-data'!$L9 -> 0.998 | G10: ='[6]GABM_R03_NavidAPI_no_fb_runtwo-'!$J9/'[6]GABM_R03_NavidAPI_no_fb_runtwo-'!$L9 -> 0.9996 | H10: ='[7]GABM_R03_savannah_no_fb-data'!$J9/'[7]GABM_R03_savannah_no_fb-data'!$L9 -> 1 | I10: ='[8]GABM_R03_Terry_no_fb_run_two-da'!$J9/'[8]GABM_R03_Terry_no_fb_run_two-da'!$L9 -> 0.9972 | J10: =[9]GABM_R03_MitchellAPI_no_fb_runt!$J9/[9]GABM_R03_MitchellAPI_no_fb_runt!$L9 -> 0.9996 | K10: ='[10]R03_GABM_NiyoushaAPI_no_fb-data'!$J9/'[10]R03_GABM_NiyoushaAPI_no_fb-data'!$L9 -> 1 | L10: =AVERAGE(B10:K10) -> 0.99896
A11: 8 | B11: ='[1]GABM_R03_Terry_no_fb-data'!$J10/'[1]GABM_R03_Terry_no_fb-data'!$L10 -> 0.9996 | C11: ='[2]GABM_R03_MitchellAPI_no_fb-data'!$J10/'[2]GABM_R03_MitchellAPI_no_fb-data'!$L10 -> 1 | D11: ='[3]GABM_R03_NavidAPI_no_fb-data'!$J10/'[3]GABM_R03_NavidAPI_no_fb-data'!$L10 -> 0.9968 | E11: ='[4]GABM_R03_RandiAPI_no_fb_runtwo-'!$J10/'[4]GABM_R03_RandiAPI_no_fb_runtwo-'!$L10 -> 0.998 | F11: ='[5]GABM_R03_SudipaAPI_no_fb-data'!$J10/'[5]GABM_R03_SudipaAPI_no_fb-data'!$L10 -> 0.9972 | G11: ='[6]GABM_R03_NavidAPI_no_fb_runtwo-'!$J10/'[6]GABM_R03_NavidAPI_no_fb_runtwo-'!$L10 -> 1 | H11: ='[7]GABM_R03_savannah_no_fb-data'!$J10/'[7]GABM_R03_savannah_no_fb-data'!$L10 -> 1 | I11: ='[8]GABM_R03_Terry_no_fb_run_two-da'!$J10/'[8]GABM_R03_Terry_no_fb_run_two-da'!$L10 -> 0.996 | J11: =[9]GABM_R03_MitchellAPI_no_fb_runt!$J10/[9]GABM_R03_MitchellAPI_no_fb_runt!$L10 -> 0.9996 | K11: ='[10]R03_GABM_NiyoushaAPI_no_fb-data'!$J10/'[10]R03_GABM_NiyoushaAPI_no_fb-data'!$L10 -> 1 | L11: =AVERAGE(B11:K11) -> 0.99872
A12: 9 | B12: ='[1]GABM_R03_Terry_no_fb-data'!$J11/'[1]GABM_R03_Terry_no_fb-data'!$L11 -> 1 | C12: ='[2]GABM_R03_MitchellAPI_no_fb-data'!$J11/'[2]GABM_R03_MitchellAPI_no_fb-data'!$L11 -> 0.9996 | D12: ='[3]GABM_R03_NavidAPI_no_fb-data'!$J11/'[3]GABM_R03_NavidAPI_no_fb-data'!$L11 -> 0.9984 | E12: ='[4]GABM_R03_RandiAPI_no_fb_runtwo-'!$J11/'[4]GABM_R03_RandiAPI_no_fb_runtwo-'!$L11 -> 0.9968 | F12: ='[5]GABM_R03_SudipaAPI_no_fb-data'!$J11/'[5]GABM_R03_SudipaAPI_no_fb-data'!$L11 -> 0.998 | G12: ='[6]GABM_R03_NavidAPI_no_fb_runtwo-'!$J11/'[6]GABM_R03_NavidAPI_no_fb_runtwo-'!$L11 -> 1 | H12: ='[7]GABM_R03_savannah_no_fb-data'!$J11/'[7]GABM_R03_savannah_no_fb-data'!$L11 -> 0.9996 | I12: ='[8]GABM_R03_Terry_no_fb_run_two-da'!$J11/'[8]GABM_R03_Terry_no_fb_run_two-da'!$L11 -> 0.9968 | J12: =[9]GABM_R03_MitchellAPI_no_fb_runt!$J11/[9]GABM_R03_MitchellAPI_no_fb_runt!$L11 -> 0.9996 | K12: ='[10]R03_GABM_NiyoushaAPI_no_fb-data'!$J11/'[10]R03_GABM_NiyoushaAPI_no_fb-data'!$L11 -> 0.998 | L12: =AVERAGE(B12:K12) -> 0.99868
A13: 10 | B13: ='[1]GABM_R03_Terry_no_fb-data'!$J12/'[1]GABM_R03_Terry_no_fb-data'!$L12 -> 0.9996 | C13: ='[2]GABM_R03_MitchellAPI_no_fb-data'!$J12/'[2]GABM_R03_MitchellAPI_no_fb-data'!$L12 -> 1 | D13: ='[3]GABM_R03_NavidAPI_no_fb-data'!$J12/'[3]GABM_R03_NavidAPI_no_fb-data'!$L12 -> 0.9976 | E13: ='[4]GABM_R03_RandiAPI_no_fb_runtwo-'!$J12/'[4]GABM_R03_RandiAPI_no_fb_runtwo-'!$L12 -> 0.9976 | F13: ='[5]GABM_R03_SudipaAPI_no_fb-data'!$J12/'[5]GABM_R03_SudipaAPI_no_fb-data'!$L12 -> 0.9944 | G13: ='[6]GABM_R03_NavidAPI_no_fb_runtwo-'!$J12/'[6]GABM_R03_NavidAPI_no_fb_runtwo-'!$L12 -> 0.9996 | H13: ='[7]GABM_R03_savannah_no_fb-data'!$J12/'[7]GABM_R03_savannah_no_fb-data'!$L12 -> 1 | I13: ='[8]GABM_R03_Terry_no_fb_run_two-da'!$J12/'[8]GABM_R03_Terry_no_fb_run_two-da'!$L12 -> 0.9952 | J13: =[9]GABM_R03_MitchellAPI_no_fb_runt!$J12/[9]GABM_R03_MitchellAPI_no_fb_runt!$L12 -> 1 | K13: ='[10]R03_GABM_NiyoushaAPI_no_fb-data'!$J12/'[10]R03_GABM_NiyoushaAPI_no_fb-data'!$L12 -> 0.9996 | L13: =AVERAGE(B13:K13) -> 0.99836
A14: 11 | B14: ='[1]GABM_R03_Terry_no_fb-data'!$J13/'[1]GABM_R03_Terry_no_fb-data'!$L13 -> 0.9996 | C14: ='[2]GABM_R03_MitchellAPI_no_fb-data'!$J13/'[2]GABM_R03_MitchellAPI_no_fb-data'!$L13 -> 0.9992 | D14: ='[3]GABM_R03_NavidAPI_no_fb-data'!$J13/'[3]GABM_R03_NavidAPI_no_fb-data'!$L13 -> 0.9984 | E14: ='[4]GABM_R03_RandiAPI_no_fb_runtwo-'!$J13/'[4]GABM_R03_RandiAPI_no_fb_runtwo-'!$L13 -> 0.9976 | F14: ='[5]GABM_R03_SudipaAPI_no_fb-data'!$J13/'[5]GABM_R03_SudipaAPI_no_fb-data'!$L13 -> 0.9976 | G14: ='[6]GABM_R03_NavidAPI_no_fb_runtwo-'!$J13/'[6]GABM_R03_NavidAPI_no_fb_runtwo-'!$L13 -> 0.9996 | H14: ='[7]GABM_R03_savannah_no_fb-data'!$J13/'[7]GABM_R03_savannah_no_fb-data'!$L13 -> 0.9996 | I14: ='[8]GABM_R03_Terry_no_fb_run_two-da'!$J13/'[8]GABM_R03_Terry_no_fb_run_two-da'!$L13 -> 0.9968 | J14: =[9]GABM_R03_MitchellAPI_no_fb_runt!$J13/[9]GABM_R03_MitchellAPI_no_fb_runt!$L13 -> 0.9996 | K14: ='[10]R03_GABM_NiyoushaAPI_no_fb-data'!$J13/'[10]R03_GABM_NiyoushaAPI_no_fb-data'!$L13 -> 1 | L14: =AVERAGE(B14:K14) -> 0.9988
A15: 12 | B15: ='[1]GABM_R03_Terry_no_fb-data'!$J14/'[1]GABM_R03_Terry_no_fb-data'!$L14 -> 1 | C15: ='[2]GABM_R03_MitchellAPI_no_fb-data'!$J14/'[2]GABM_R03_MitchellAPI_no_fb-data'!$L14 -> 0.9996 | D15: ='[3]GABM_R03_NavidAPI_no_fb-data'!$J14/'[3]GABM_R03_NavidAPI_no_fb-data'!$L14 -> 0.998 | E15: ='[4]GABM_R03_RandiAPI_no_fb_runtwo-'!$J14/'[4]GABM_R03_RandiAPI_no_fb_runtwo-'!$L14 -> 0.9972 | F15: ='[5]GABM_R03_SudipaAPI_no_fb-data'!$J14/'[5]GABM_R03_SudipaAPI_no_fb-data'!$L14 -> 0.996 | G15: ='[6]GABM_R03_NavidAPI_no_fb_runtwo-'!$J14/'[6]GABM_R03_NavidAPI_no_fb_runtwo-'!$L14 -> 1 | H15: ='[7]GABM_R03_savannah_no_fb-data'!$J14/'[7]GABM_R03_savannah_no_fb-data'!$L14 -> 0.9996 | I15: ='[8]GABM_R03_Terry_no_fb_run_two-da'!$J14/'[8]GABM_R03_Terry_no_fb_run_two-da'!$L14 -> 0.996 | J15: =[9]GABM_R03_MitchellAPI_no_fb_runt!$J14/[9]GABM_R03_MitchellAPI_no_fb_runt!$L14 -> 1 | K15: ='[10]R03_GABM_NiyoushaAPI_no_fb-data'!$J14/'[10]R03_GABM_NiyoushaAPI_no_fb-data'!$L14 -> 0.998 | L15: =AVERAGE(B15:K15) -> 0.99844
... A25: 22 | B25: ='[1]GABM_R03_Terry_no_fb-data'!$J24/'[1]GABM_R03_Terry_no_fb-data'!$L24 -> 0.9992 | C25: ='[2]GABM_R03_MitchellAPI_no_fb-data'!$J24/'[2]GABM_R03_MitchellAPI_no_fb-data'!$L24 -> 0.9996 | D25: ='[3]GABM_R03_NavidAPI_no_fb-data'!$J24/'[3]GABM_R03_NavidAPI_no_fb-data'!$L24 -> 0.9976 | E25: ='[4]GABM_R03_RandiAPI_no_fb_runtwo-'!$J24/'[4]GABM_R03_RandiAPI_no_fb_runtwo-'!$L24 -> 0.998 | F25: ='[5]GABM_R03_SudipaAPI_no_fb-data'!$J24/'[5]GABM_R03_SudipaAPI_no_fb-data'!$L24 -> 0.996 | G25: ='[6]GABM_R03_NavidAPI_no_fb_runtwo-'!$J24/'[6]GABM_R03_NavidAPI_no_fb_runtwo-'!$L24 -> 1 | H25: ='[7]GABM_R03_savannah_no_fb-data'!$J24/'[7]GABM_R03_savannah_no_fb-data'!$L24 -> 1 | I25: ='[8]GABM_R03_Terry_no_fb_run_two-da'!$J24/'[8]GABM_R03_Terry_no_fb_run_two-da'!$L24 -> 0.9952 | J25: =[9]GABM_R03_MitchellAPI_no_fb_runt!$J24/[9]GABM_R03_MitchellAPI_no_fb_runt!$L24 -> 1 | K25: ='[10]R03_GABM_NiyoushaAPI_no_fb-data'!$J24/'[10]R03_GABM_NiyoushaAPI_no_fb-data'!$L24 -> 1 | L25: =AVERAGE(B25:K25) -> 0.99856
A26: 23 | B26: 1 | C26: ='[2]GABM_R03_MitchellAPI_no_fb-data'!$J25/'[2]GABM_R03_MitchellAPI_no_fb-data'!$L25 -> 0.9996 | D26: ='[3]GABM_R03_NavidAPI_no_fb-data'!$J25/'[3]GABM_R03_NavidAPI_no_fb-data'!$L25 -> 0.9972 | E26: ='[4]GABM_R03_RandiAPI_no_fb_runtwo-'!$J25/'[4]GABM_R03_RandiAPI_no_fb_runtwo-'!$L25 -> 0.998 | F26: ='[5]GABM_R03_SudipaAPI_no_fb-data'!$J25/'[5]GABM_R03_SudipaAPI_no_fb-data'!$L25 -> 0.9952 | G26: ='[6]GABM_R03_NavidAPI_no_fb_runtwo-'!$J25/'[6]GABM_R03_NavidAPI_no_fb_runtwo-'!$L25 -> 0.9996 | H26: ='[7]GABM_R03_savannah_no_fb-data'!$J25/'[7]GABM_R03_savannah_no_fb-data'!$L25 -> 0.9996 | I26: ='[8]GABM_R03_Terry_no_fb_run_two-da'!$J25/'[8]GABM_R03_Terry_no_fb_run_two-da'!$L25 -> 0.9956 | J26: =[9]GABM_R03_MitchellAPI_no_fb_runt!$J25/[9]GABM_R03_MitchellAPI_no_fb_runt!$L25 -> 0.9996 | K26: 1 | L26: =AVERAGE(B26:K26) -> 0.99844
A27: 24 | B27: 1 | C27: ='[2]GABM_R03_MitchellAPI_no_fb-data'!$J26/'[2]GABM_R03_MitchellAPI_no_fb-data'!$L26 -> 0.9996 | D27: ='[3]GABM_R03_NavidAPI_no_fb-data'!$J26/'[3]GABM_R03_NavidAPI_no_fb-data'!$L26 -> 0.998 | E27: 1 | F27: ='[5]GABM_R03_SudipaAPI_no_fb-data'!$J26/'[5]GABM_R03_SudipaAPI_no_fb-data'!$L26 -> 0.996 | G27: 1 | H27: ='[7]GABM_R03_savannah_no_fb-data'!$J26/'[7]GABM_R03_savannah_no_fb-data'!$L26 -> 1 | I27: ='[8]GABM_R03_Terry_no_fb_run_two-da'!$J26/'[8]GABM_R03_Terry_no_fb_run_two-da'!$L26 -> 0.9956 | J27: =[9]GABM_R03_MitchellAPI_no_fb_runt!$J26/[9]GABM_R03_MitchellAPI_no_fb_runt!$L26 -> 1 | K27: 1 | L27: 1
A28: 25 | B28: 1 | C28: 1 | D28: ='[3]GABM_R03_NavidAPI_no_fb-data'!$J27/'[3]GABM_R03_NavidAPI_no_fb-data'!$L27 -> 0.9976 | E28: 1 | F28: ='[5]GABM_R03_SudipaAPI_no_fb-data'!$J27/'[5]GABM_R03_SudipaAPI_no_fb-data'!$L27 -> 0.9952 | G28: 1 | H28: ='[7]GABM_R03_savannah_no_fb-data'!$J27/'[7]GABM_R03_savannah_no_fb-data'!$L27 -> 1 | I28: ='[8]GABM_R03_Terry_no_fb_run_two-da'!$J27/'[8]GABM_R03_Terry_no_fb_run_two-da'!$L27 -> 0.9952 | J28: 1 | K28: 1 | L28: 1
A29: 26 | B29: 1 | C29: 1 | D29: 1 | E29: 1 | F29: ='[5]GABM_R03_SudipaAPI_no_fb-data'!$J28/'[5]GABM_R03_SudipaAPI_no_fb-data'!$L28 -> 0.9992 | G29: 1 | H29: 1 | I29: 1 | J29: 1 | K29: 1 | L29: 1

Sheet Mobility SF
A1: Mobility per timestep
A2: Time Step | B2: Run 1 | C2: Run 2 | D2: Run 3 | E2: Run 4 | F2: Run 5 | G2: Run 6 | H2: Run 7 | I2: Run 8 | J2: Run 9 | K2: Run 10 | L2: Average
A3: 0 | B3: 1 | C3: 1 | D3: 1 | E3: 1 | F3: 1 | G3: 1 | H3: 1 | I3: 1 | J3: 1 | K3: 1 | L3: =AVERAGE(B3:K3) -> 1
A4: 1 | B4: ='[11]GABM_R03_NavidAPI_sf_fb-data'!$J3/'[11]GABM_R03_NavidAPI_sf_fb-data'!$L3 -> 0.9996 | C4: ='[12]GABM_R03_savannah_sf_fb-data'!$J3/'[12]GABM_R03_savannah_sf_fb-data'!$L3 -> 0.9992 | D4: ='[13]GABM_R03_MitchellAPI_sf_fb-data'!$J3/'[13]GABM_R03_MitchellAPI_sf_fb-data'!$L3 -> 0.9992 | E4: ='[14]GABM_R03_RandiAPI_sf_fb-data'!$J3/'[14]GABM_R03_RandiAPI_sf_fb-data'!$L3 -> 1 | F4: ='[15]GABM_R03_Terry_sf_fb-data'!$J3/'[15]GABM_R03_Terry_sf_fb-data'!$L3 -> 1 | G4: ='[16]R03_GABM_NiyoushaAPI_sf_fb-data'!$J3/'[16]R03_GABM_NiyoushaAPI_sf_fb-data'!$L3 -> 1 | H4: ='[17]GABM_R03_SudipaAPI_sf_fb-data'!$J3/'[17]GABM_R03_SudipaAPI_sf_fb-data'!$L3 -> 0.9996 | I4: ='[18]GABM_R03_Terry_sf_fb_2-data'!$J3/'[18]GABM_R03_Terry_sf_fb_2-data'!$L3 -> 0.9996 | J4: ='[19]GABM_R03_NavidAPI_sf_fb_2-data'!$J3/'[19]GABM_R03_NavidAPI_sf_fb_2-data'!$L3 -> 0.9996 | K4: ='[20]R03_GABM_NiyoushaAPI_sf_fb_2-da'!$J3/'[20]R03_GABM_NiyoushaAPI_sf_fb_2-da'!$L3 -> 0.9996 | L4: =AVERAGE(B4:K4) -> 0.99964
A5: 2 | B5: ='[11]GABM_R03_NavidAPI_sf_fb-data'!$J4/'[11]GABM_R03_NavidAPI_sf_fb-data'!$L4 -> 1 | C5: ='[12]GABM_R03_savannah_sf_fb-data'!$J4/'[12]GABM_R03_savannah_sf_fb-data'!$L4 -> 1 | D5: ='[13]GABM_R03_MitchellAPI_sf_fb-data'!$J4/'[13]GABM_R03_MitchellAPI_sf_fb-data'!$L4 -> 0.9996 | E5: ='[14]GABM_R03_RandiAPI_sf_fb-data'!$J4/'[14]GABM_R03_RandiAPI_sf_fb-data'!$L4 -> 0.9996 | F5: ='[15]GABM_R03_Terry_sf_fb-data'!$J4/'[15]GABM_R03_Terry_sf_fb-data'!$L4 -> 0.9996 | G5: ='[16]R03_GABM_NiyoushaAPI_sf_fb-data'!$J4/'[16]R03_GABM_NiyoushaAPI_sf_fb-data'!$L4 -> 1 | H5: ='[17]GABM_R03_SudipaAPI_sf_fb-data'!$J4/'[17]GABM_R03_SudipaAPI_sf_fb-data'!$L4 -> 1 | I5: ='[18]GABM_R03_Terry_sf_fb_2-data'!$J4/'[18]GABM_R03_Terry_sf_fb_2-data'!$L4 -> 1 | J5: ='[19]GABM_R03_NavidAPI_sf_fb_2-data'!$J4/'[19]GABM_R03_NavidAPI_sf_fb_2-data'!$L4 -> 0.9996 | K5: ='[20]R03_GABM_NiyoushaAPI_sf_fb_2-da'!$J4/'[20]R03_GABM_NiyoushaAPI_sf_fb_2-da'!$L4 -> 0.9996 | L5: =AVERAGE(B5:K5) -> 0.9998
A6: 3 | B6: ='[11]GABM_R03_NavidAPI_sf_fb-data'!$J5/'[11]GABM_R03_NavidAPI_sf_fb-data'!$L5 -> 0.9964 | C6: ='[12]GABM_R03_savannah_sf_fb-data'!$J5/'[12]GABM_R03_savannah_sf_fb-data'!$L5 -> 0.9968 | D6: ='[13]GABM_R03_MitchellAPI_sf_fb-data'!$J5/'[13]GABM_R03_MitchellAPI_sf_fb-data'!$L5 -> 0.9952 | E6: ='[14]GABM_R03_RandiAPI_sf_fb-data'!$J5/'[14]GABM_R03_RandiAPI_sf_fb-data'!$L5 -> 0.9964 | F6: ='[15]GABM_R03_Terry_sf_fb-data'!$J5/'[15]GABM_R03_Terry_sf_fb-data'!$L5 -> 0.9956 | G6: ='[16]R03_GABM_NiyoushaAPI_sf_fb-data'!$J5/'[16]R03_GABM_NiyoushaAPI_sf_fb-data'!$L5 -> 0.9964 | H6: ='[17]GABM_R03_SudipaAPI_sf_fb-data'!$J5/'[17]GABM_R03_SudipaAPI_sf_fb-data'!$L5 -> 0.9948 | I6: ='[18]GABM_R03_Terry_sf_fb_2-data'!$J5/'[18]GABM_R03_Terry_sf_fb_2-data'!$L5 -> 0.9964 | J6: ='[19]GABM_R03_NavidAPI_sf_fb_2-data'!$J5/'[19]GABM_R03_NavidAPI_sf_fb_2-data'!$L5 -> 0.9956 | K6: ='[20]R03_GABM_NiyoushaAPI_sf_fb_2-da'!$J5/'[20]R03_GABM_NiyoushaAPI_sf_fb_2-da'!$L5 -> 0.9956 | L6: =AVERAGE(B6:K6) -> 0.99592
A7: 4 | B7: ='[11]GABM_R03_NavidAPI_sf_fb-data'!$J6/'[11]GABM_R03_NavidAPI_sf_fb-data'!$L6 -> 0.988 | C7: ='[12]GABM_R03_savannah_sf_fb-data'!$J6/'[12]GABM_R03_savannah_sf_fb-data'!$L6 -> 0.9908 | D7: ='[13]GABM_R03_MitchellAPI_sf_fb-data'!$J6/'[13]GABM_R03_MitchellAPI_sf_fb-data'!$L6 -> 0.9896 | E7: ='[14]GABM_R03_RandiAPI_sf_fb-data'!$J6/'[14]GABM_R03_RandiAPI_sf_fb-data'!$L6 -> 0.9968 | F7: ='[15]GABM_R03_Terry_sf_fb-data'!$J6/'[15]GABM_R03_Terry_sf_fb-data'!$L6 -> 0.9908 | G7: ='[16]R03_GABM_NiyoushaAPI_sf_fb-data'!$J6/'[16]R03_GABM_NiyoushaAPI_sf_fb-data'!$L6 -> 0.9928 | H7: ='[17]GABM_R03_SudipaAPI_sf_fb-data'!$J6/'[17]GABM_R03_SudipaAPI_sf_fb-data'!$L6 -> 0.9936 | I7: ='[18]GABM_R03_Terry_sf_fb_2-data'!$J6/'[18]GABM_R03_Terry_sf_fb_2-data'!$L6 -> 0.9872 | J7: ='[19]GABM_R03_NavidAPI_sf_fb_2-data'!$J6/'[19]GABM_R03_NavidAPI_sf_fb_2-data'!$L6 -> 0.992 | K7: ='[20]R03_GABM_NiyoushaAPI_sf_fb_2-da'!$J6/'[20]R03_GABM_NiyoushaAPI_sf_fb_2-da'!$L6 -> 0.9952 | L7: =AVERAGE(B7:K7) -> 0.99168
A8: 5 | B8: ='[11]GABM_R03_NavidAPI_sf_fb-data'!$J7/'[11]GABM_R03_NavidAPI_sf_fb-data'!$L7 -> 0.9772 | C8: ='[12]GABM_R03_savannah_sf_fb-data'!$J7/'[12]GABM_R03_savannah_sf_fb-data'!$L7 -> 0.9764 | D8: ='[13]GABM_R03_MitchellAPI_sf_fb-data'!$J7/'[13]GABM_R03_MitchellAPI_sf_fb-data'!$L7 -> 0.9876 | E8: ='[14]GABM_R03_RandiAPI_sf_fb-data'!$J7/'[14]GABM_R03_RandiAPI_sf_fb-data'!$L7 -> 0.996 | F8: ='[15]GABM_R03_Terry_sf_fb-data'!$J7/'[15]GABM_R03_Terry_sf_fb-data'!$L7 -> 0.9824 | G8: ='[16]R03_GABM_NiyoushaAPI_sf_fb-data'!$J7/'[16]R03_GABM_NiyoushaAPI_sf_fb-data'!$L7 -> 0.984 | H8: ='[17]GABM_R03_SudipaAPI_sf_fb-data'!$J7/'[17]GABM_R03_SudipaAPI_sf_fb-data'!$L7 -> 0.9856 | I8: ='[18]GABM_R03_Terry_sf_fb_2-data'!$J7/'[18]GABM_R03_Terry_sf_fb_2-data'!$L7 -> 0.9756 | J8: ='[19]GABM_R03_NavidAPI_sf_fb_2-data'!$J7/'[19]GABM_R03_NavidAPI_sf_fb_2-data'!$L7 -> 0.9764 | K8: ='[20]R03_GABM_NiyoushaAPI_sf_fb_2-da'!$J7/'[20]R03_GABM_NiyoushaAPI_sf_fb_2-da'!$L7 -> 0.986 | L8: =AVERAGE(B8:K8) -> 0.98272
A9: 6 | B9: ='[11]GABM_R03_NavidAPI_sf_fb-data'!$J8/'[11]GABM_R03_NavidAPI_sf_fb-data'!$L8 -> 0.9552 | C9: ='[12]GABM_R03_savannah_sf_fb-data'!$J8/'[12]GABM_R03_savannah_sf_fb-data'!$L8 -> 0.968 | D9: ='[13]GABM_R03_MitchellAPI_sf_fb-data'!$J8/'[13]GABM_R03_MitchellAPI_sf_fb-data'!$L8 -> 0.9744 | E9: ='[14]GABM_R03_RandiAPI_sf_fb-data'!$J8/'[14]GABM_R03_RandiAPI_sf_fb-data'!$L8 -> 0.9956 | F9: ='[15]GABM_R03_Terry_sf_fb-data'!$J8/'[15]GABM_R03_Terry_sf_fb-data'!$L8 -> 0.9636 | G9: ='[16]R03_GABM_NiyoushaAPI_sf_fb-data'!$J8/'[16]R03_GABM_NiyoushaAPI_sf_fb-data'!$L8 -> 0.96 | H9: ='[17]GABM_R03_SudipaAPI_sf_fb-data'!$J8/'[17]GABM_R03_SudipaAPI_sf_fb-data'!$L8 -> 0.9744 | I9: ='[18]GABM_R03_Terry_sf_fb_2-data'!$J8/'[18]GABM_R03_Terry_sf_fb_2-data'!$L8 -> 0.9556 | J9: ='[19]GABM_R03_NavidAPI_sf_fb_2-data'!$J8/'[19]GABM_R03_NavidAPI_sf_fb_2-data'!$L8 -> 0.968 | K9: ='[20]R03_GABM_NiyoushaAPI_sf_fb_2-da'!$J8/'[20]R03_GABM_NiyoushaAPI_sf_fb_2-da'!$L8 -> 0.9844 | L9: =AVERAGE(B9:K9) -> 0.96992
A10: 7 | B10: ='[11]GABM_R03_NavidAPI_sf_fb-data'!$J9/'[11]GABM_R03_NavidAPI_sf_fb-data'!$L9 -> 0.9304 | C10: ='[12]GABM_R03_savannah_sf_fb-data'!$J9/'[12]GABM_R03_savannah_sf_fb-data'!$L9 -> 0.9504 | D10: ='[13]GABM_R03_MitchellAPI_sf_fb-data'!$J9/'[13]GABM_R03_MitchellAPI_sf_fb-data'!$L9 -> 0.9676 | E10: 1 | F10: ='[15]GABM_R03_Terry_sf_fb-data'!$J9/'[15]GABM_R03_Terry_sf_fb-data'!$L9 -> 0.954 | G10: ='[16]R03_GABM_NiyoushaAPI_sf_fb-data'!$J9/'[16]R03_GABM_NiyoushaAPI_sf_fb-data'!$L9 -> 0.9444 | H10: ='[17]GABM_R03_SudipaAPI_sf_fb-data'!$J9/'[17]GABM_R03_SudipaAPI_sf_fb-data'!$L9 -> 0.9648 | I10: ='[18]GABM_R03_Terry_sf_fb_2-data'!$J9/'[18]GABM_R03_Terry_sf_fb_2-data'!$L9 -> 0.9292 | J10: ='[19]GABM_R03_NavidAPI_sf_fb_2-data'!$J9/'[19]GABM_R03_NavidAPI_sf_fb_2-data'!$L9 -> 0.9504 | K10: ='[20]R03_GABM_NiyoushaAPI_sf_fb_2-da'!$J9/'[20]R03_GABM_NiyoushaAPI_sf_fb_2-da'!$L9 -> 0.976 | L10: =AVERAGE(B10:K10) -> 0.95672
A11: 8 | B11: ='[11]GABM_R03_NavidAPI_sf_fb-data'!$J10/'[11]GABM_R03_NavidAPI_sf_fb-data'!$L10 -> 0.8812 | C11: ='[12]GABM_R03_savannah_sf_fb-data'!$J10/'[12]GABM_R03_savannah_sf_fb-data'!$L10 -> 0.9272 | D11: ='[13]GABM_R03_MitchellAPI_sf_fb-data'!$J10/'[13]GABM_R03_MitchellAPI_sf_fb-data'!$L10 -> 0.95 | E11: 1 | F11: ='[15]GABM_R03_Terry_sf_fb-data'!$J10/'[15]GABM_R03_Terry_sf_fb-data'!$L10 -> 0.9284 | G11: ='[16]R03_GABM_NiyoushaAPI_sf_fb-data'!$J10/'[16]R03_GABM_NiyoushaAPI_sf_fb-data'!$L10 -> 0.916 | H11: ='[17]GABM_R03_SudipaAPI_sf_fb-data'!$J10/'[17]GABM_R03_SudipaAPI_sf_fb-data'!$L10 -> 0.9436 | I11: ='[18]GABM_R03_Terry_sf_fb_2-data'!$J10/'[18]GABM_R03_Terry_sf_fb_2-data'!$L10 -> 0.8892 | J11: ='[19]GABM_R03_NavidAPI_sf_fb_2-data'!$J10/'[19]GABM_R03_NavidAPI_sf_fb_2-data'!$L10 -> 0.9264 | K11: ='[20]R03_GABM_NiyoushaAPI_sf_fb_2-da'!$J10/'[20]R03_GABM_NiyoushaAPI_sf_fb_2-da'!$L10 -> 0.9596 | L11: =AVERAGE(B11:K11) -> 0.93216
A12: 9 | B12: ='[11]GABM_R03_NavidAPI_sf_fb-data'!$J11/'[11]GABM_R03_NavidAPI_sf_fb-data'!$L11 -> 0.82 | C12: ='[12]GABM_R03_savannah_sf_fb-data'!$J11/'[12]GABM_R03_savannah_sf_fb-data'!$L11 -> 0.9168 | D12: ='[13]GABM_R03_MitchellAPI_sf_fb-data'!$J11/'[13]GABM_R03_MitchellAPI_sf_fb-data'!$L11 -> 0.9144 | E12: 1 | F12: ='[15]GABM_R03_Terry_sf_fb-data'!$J11/'[15]GABM_R03_Terry_sf_fb-data'!$L11 -> 0.8928 | G12: ='[16]R03_GABM_NiyoushaAPI_sf_fb-data'!$J11/'[16]R03_GABM_NiyoushaAPI_sf_fb-data'!$L11 -> 0.8736 | H12: ='[17]GABM_R03_SudipaAPI_sf_fb-data'!$J11/'[17]GABM_R03_SudipaAPI_sf_fb-data'!$L11 -> 0.9008 | I12: ='[18]GABM_R03_Terry_sf_fb_2-data'!$J11/'[18]GABM_R03_Terry_sf_fb_2-data'!$L11 -> 0.8192 | J12: ='[19]GABM_R03_NavidAPI_sf_fb_2-data'!$J11/'[19]GABM_R03_NavidAPI_sf_fb_2-data'!$L11 -> 0.9112 | K12: ='[20]R03_GABM_NiyoushaAPI_sf_fb_2-da'!$J11/'[20]R03_GABM_NiyoushaAPI_sf_fb_2-da'!$L11 -> 0.9428 | L12: =AVERAGE(B12:K12) -> 0.89916
A13: 10 | B13: ='[11]GABM_R03_NavidAPI_sf_fb-data'!$J12/'[11]GABM_R03_NavidAPI_sf_fb-data'!$L12 -> 0.742 | C13: ='[12]GABM_R03_savannah_sf_fb-data'!$J12/'[12]GABM_R03_savannah_sf_fb-data'!$L12 -> 0.8716 | D13: ='[13]GABM_R03_MitchellAPI_sf_fb-data'!$J12/'[13]GABM_R03_MitchellAPI_sf_fb-data'!$L12 -> 0.8864 | E13: 1 | F13: ='[15]GABM_R03_Terry_sf_fb-data'!$J12/'[15]GABM_R03_Terry_sf_fb-data'!$L12 -> 0.8384 | G13: ='[16]R03_GABM_NiyoushaAPI_sf_fb-data'!$J12/'[16]R03_GABM_NiyoushaAPI_sf_fb-data'!$L12 -> 0.8076 | H13: ='[17]GABM_R03_SudipaAPI_sf_fb-data'!$J12/'[17]GABM_R03_SudipaAPI_sf_fb-data'!$L12 -> 0.8388 | I13: ='[18]GABM_R03_Terry_sf_fb_2-data'!$J12/'[18]GABM_R03_Terry_sf_fb_2-data'!$L12 -> 0.73 | J13: ='[19]GABM_R03_NavidAPI_sf_fb_2-data'!$J12/'[19]GABM_R03_NavidAPI_sf_fb_2-data'!$L12 -> 0.8668 | K13: ='[20]R03_GABM_NiyoushaAPI_sf_fb_2-da'!$J12/'[20]R03_GABM_NiyoushaAPI_sf_fb_2-da'!$L12 -> 0.928 | L13: =AVERAGE(B13:K13) -> 0.85096
A14: 11 | B14: ='[11]GABM_R03_NavidAPI_sf_fb-data'!$J13/'[11]GABM_R03_NavidAPI_sf_fb-data'!$L13 -> 0.6664 | C14: ='[12]GABM_R03_savannah_sf_fb-data'!$J13/'[12]GABM_R03_savannah_sf_fb-data'!$L13 -> 0.8232 | D14: ='[13]GABM_R03_MitchellAPI_sf_fb-data'!$J13/'[13]GABM_R03_MitchellAPI_sf_fb-data'!$L13 -> 0.8432 | E14: 1 | F14: ='[15]GABM_R03_Terry_sf_fb-data'!$J13/'[15]GABM_R03_Terry_sf_fb-data'!$L13 -> 0.7396 | G14: ='[16]R03_GABM_NiyoushaAPI_sf_fb-data'!$J13/'[16]R03_GABM_NiyoushaAPI_sf_fb-data'!$L13 -> 0.7252 | H14: ='[17]GABM_R03_SudipaAPI_sf_fb-data'!$J13/'[17]GABM_R03_SudipaAPI_sf_fb-data'!$L13 -> 0.7728 | I14: ='[18]GABM_R03_Terry_sf_fb_2-data'!$J13/'[18]GABM_R03_Terry_sf_fb_2-data'!$L13 -> 0.6324 | J14: ='[19]GABM_R03_NavidAPI_sf_fb_2-data'!$J13/'[19]GABM_R03_NavidAPI_sf_fb_2-data'!$L13 -> 0.8196 | K14: ='[20]R03_GABM_NiyoushaAPI_sf_fb_2-da'!$J13/'[20]R03_GABM_NiyoushaAPI_sf_fb_2-da'!$L13 -> 0.8884 | L14: =AVERAGE(B14:K14) -> 0.79108
A15: 12 | B15: ='[11]GABM_R03_NavidAPI_sf_fb-data'!$J14/'[11]GABM_R03_NavidAPI_sf_fb-data'!$L14 -> 0.598 | C15: ='[12]GABM_R03_savannah_sf_fb-data'!$J14/'[12]GABM_R03_savannah_sf_fb-data'!$L14 -> 0.7584 | D15: ='[13]GABM_R03_MitchellAPI_sf_fb-data'!$J14/'[13]GABM_R03_MitchellAPI_sf_fb-data'!$L14 -> 0.7832 | E15: 1 | F15: ='[15]GABM_R03_Terry_sf_fb-data'!$J14/'[15]GABM_R03_Terry_sf_fb-data'!$L14 -> 0.6476 | G15: ='[16]R03_GABM_NiyoushaAPI_sf_fb-data'!$J14/'[16]R03_GABM_NiyoushaAPI_sf_fb-data'!$L14 -> 0.6176 | H15: ='[17]GABM_R03_SudipaAPI_sf_fb-data'!$J14/'[17]GABM_R03_SudipaAPI_sf_fb-data'!$L14 -> 0.6752 | I15: ='[18]GABM_R03_Terry_sf_fb_2-data'!$J14/'[18]GABM_R03_Terry_sf_fb_2-data'!$L14 -> 0.5308 | J15: ='[19]GABM_R03_NavidAPI_sf_fb_2-data'!$J14/'[19]GABM_R03_NavidAPI_sf_fb_2-data'!$L14 -> 0.75 | K15: ='[20]R03_GABM_NiyoushaAPI_sf_fb_2-da'!$J14/'[20]R03_GABM_NiyoushaAPI_sf_fb_2-da'!$L14 -> 0.8404 | L15: =AVERAGE(B15:K15) -> 0.72012
A16: 13 | B16: ='[11]GABM_R03_NavidAPI_sf_fb-data'!$J15/'[11]GABM_R03_NavidAPI_sf_fb-data'!$L15 -> 0.52 | C16: ='[12]GABM_R03_savannah_sf_fb-data'!$J15/'[12]GABM_R03_savannah_sf_fb-data'!$L15 -> 0.6744 | D16: ='[13]GABM_R03_MitchellAPI_sf_fb-data'!$J15/'[13]GABM_R03_MitchellAPI_sf_fb-data'!$L15 -> 0.716 | E16: 1 | F16: ='[15]GABM_R03_Terry_sf_fb-data'!$J15/'[15]GABM_R03_Terry_sf_fb-data'!$L15 -> 0.5256 | G16: ='[16]R03_GABM_NiyoushaAPI_sf_fb-data'!$J15/'[16]R03_GABM_NiyoushaAPI_sf_fb-data'!$L15 -> 0.5292 | H16: ='[17]GABM_R03_SudipaAPI_sf_fb-data'!$J15/'[17]GABM_R03_SudipaAPI_sf_fb-data'!$L15 -> 0.5908 | I16: ='[18]GABM_R03_Terry_sf_fb_2-data'!$J15/'[18]GABM_R03_Terry_sf_fb_2-data'!$L15 -> 0.4556 | J16: ='[19]GABM_R03_NavidAPI_sf_fb_2-data'!$J15/'[19]GABM_R03_NavidAPI_sf_fb_2-data'!$L15 -> 0.6684 | K16: ='[20]R03_GABM_NiyoushaAPI_sf_fb_2-da'!$J15/'[20]R03_GABM_NiyoushaAPI_sf_fb_2-da'!$L15 -> 0.7876 | L16: =AVERAGE(B16:K16) -> 0.64676
A17: 14 | B17: ='[11]GABM_R03_NavidAPI_sf_fb-data'!$J16/'[11]GABM_R03_NavidAPI_sf_fb-data'!$L16 -> 0.482 | C17: ='[12]GABM_R03_savannah_sf_fb-data'!$J16/'[12]GABM_R03_savannah_sf_fb-data'!$L16 -> 0.6028 | D17: ='[13]GABM_R03_MitchellAPI_sf_fb-data'!$J16/'[13]GABM_R03_MitchellAPI_sf_fb-data'!$L16 -> 0.6512 | E17: 1 | F17: ='[15]GABM_R03_Terry_sf_fb-data'!$J16/'[15]GABM_R03_Terry_sf_fb-data'!$L16 -> 0.4436 | G17: ='[16]R03_GABM_NiyoushaAPI_sf_fb-data'!$J16/'[16]R03_GABM_NiyoushaAPI_sf_fb-data'!$L16 -> 0.444 | H17: ='[17]GABM_R03_SudipaAPI_sf_fb-data'!$J16/'[17]GABM_R03_SudipaAPI_sf_fb-data'!$L16 -> 0.5028 | I17: ='[18]GABM_R03_Terry_sf_fb_2-data'!$J16/'[18]GABM_R03_Terry_sf_fb_2-data'!$L16 -> 0.402 | J17: ='[19]GABM_R03_NavidAPI_sf_fb_2-data'!$J16/'[19]GABM_R03_NavidAPI_sf_fb_2-data'!$L16 -> 0.5924 | K17: ='[20]R03_GABM_NiyoushaAPI_sf_fb_2-da'!$J16/'[20]R03_GABM_NiyoushaAPI_sf_fb_2-da'!$L16 -> 0.7096 | L17: =AVERAGE(B17:K17) -> 0.58304
A18: 15 | B18: ='[11]GABM_R03_NavidAPI_sf_fb-data'!$J17/'[11]GABM_R03_NavidAPI_sf_fb-data'!$L17 -> 0.448 | C18: ='[12]GABM_R03_savannah_sf_fb-data'!$J17/'[12]GABM_R03_savannah_sf_fb-data'!$L17 -> 0.5216 | D18: ='[13]GABM_R03_MitchellAPI_sf_fb-data'!$J17/'[13]GABM_R03_MitchellAPI_sf_fb-data'!$L17 -> 0.57 | E18: 1 | F18: ='[15]GABM_R03_Terry_sf_fb-data'!$J17/'[15]GABM_R03_Terry_sf_fb-data'!$L17 -> 0.4028 | G18: ='[16]R03_GABM_NiyoushaAPI_sf_fb-data'!$J17/'[16]R03_GABM_NiyoushaAPI_sf_fb-data'!$L17 -> 0.3676 | H18: ='[17]GABM_R03_SudipaAPI_sf_fb-data'!$J17/'[17]GABM_R03_SudipaAPI_sf_fb-data'!$L17 -> 0.454 | I18: ='[18]GABM_R03_Terry_sf_fb_2-data'!$J17/'[18]GABM_R03_Terry_sf_fb_2-data'!$L17 -> 0.3904 | J18: ='[19]GABM_R03_NavidAPI_sf_fb_2-data'!$J17/'[19]GABM_R03_NavidAPI_sf_fb_2-data'!$L17 -> 0.5 | K18: ='[20]R03_GABM_NiyoushaAPI_sf_fb_2-da'!$J17/'[20]R03_GABM_NiyoushaAPI_sf_fb_2-da'!$L17 -> 0.6164 | L18: =AVERAGE(B18:K18) -> 0.52708
A19: 16 | B19: ='[11]GABM_R03_NavidAPI_sf_fb-data'!$J18/'[11]GABM_R03_NavidAPI_sf_fb-data'!$L18 -> 0.4464 | C19: ='[12]GABM_R03_savannah_sf_fb-data'!$J18/'[12]GABM_R03_savannah_sf_fb-data'!$L18 -> 0.456 | D19: ='[13]GABM_R03_MitchellAPI_sf_fb-data'!$J18/'[13]GABM_R03_MitchellAPI_sf_fb-data'!$L18 -> 0.5072 | E19: 1 | F19: ='[15]GABM_R03_Terry_sf_fb-data'!$J18/'[15]GABM_R03_Terry_sf_fb-data'!$L18 -> 0.3924 | G19: ='[16]R03_GABM_NiyoushaAPI_sf_fb-data'!$J18/'[16]R03_GABM_NiyoushaAPI_sf_fb-data'!$L18 -> 0.368 | H19: ='[17]GABM_R03_SudipaAPI_sf_fb-data'!$J18/'[17]GABM_R03_SudipaAPI_sf_fb-data'!$L18 -> 0.4296 | I19: ='[18]GABM_R03_Terry_sf_fb_2-data'!$J18/'[18]GABM_R03_Terry_sf_fb_2-data'!$L18 -> 0.4256 | J19: ='[19]GABM_R03_NavidAPI_sf_fb_2-data'!$J18/'[19]GABM_R03_NavidAPI_sf_fb_2-data'!$L18 -> 0.4716 | K19: ='[20]R03_GABM_NiyoushaAPI_sf_fb_2-da'!$J18/'[20]R03_GABM_NiyoushaAPI_sf_fb_2-da'!$L18 -> 0.5156 | L19: =AVERAGE(B19:K19) -> 0.50124
A20: 17 | B20: ='[11]GABM_R03_NavidAPI_sf_fb-data'!$J19/'[11]GABM_R03_NavidAPI_sf_fb-data'!$L19 -> 0.4928 | C20: ='[12]GABM_R03_savannah_sf_fb-data'!$J19/'[12]GABM_R03_savannah_sf_fb-data'!$L19 -> 0.4364 | D20: ='[13]GABM_R03_MitchellAPI_sf_fb-data'!$J19/'[13]GABM_R03_MitchellAPI_sf_fb-data'!$L19 -> 0.4644 | E20: 1 | F20: ='[15]GABM_R03_Terry_sf_fb-data'!$J19/'[15]GABM_R03_Terry_sf_fb-data'!$L19 -> 0.4712 | G20: ='[16]R03_GABM_NiyoushaAPI_sf_fb-data'!$J19/'[16]R03_GABM_NiyoushaAPI_sf_fb-data'!$L19 -> 0.3904 | H20: ='[17]GABM_R03_SudipaAPI_sf_fb-data'!$J19/'[17]GABM_R03_SudipaAPI_sf_fb-data'!$L19 -> 0.436 | I20: ='[18]GABM_R03_Terry_sf_fb_2-data'!$J19/'[18]GABM_R03_Terry_sf_fb_2-data'!$L19 -> 0.48 | J20: ='[19]GABM_R03_NavidAPI_sf_fb_2-data'!$J19/'[19]GABM_R03_NavidAPI_sf_fb_2-data'!$L19 -> 0.4528 | K20: ='[20]R03_GABM_NiyoushaAPI_sf_fb_2-da'!$J19/'[20]R03_GABM_NiyoushaAPI_sf_fb_2-da'!$L19 -> 0.4336 | L20: =AVERAGE(B20:K20) -> 0.50576
A21: 18 | B21: ='[11]GABM_R03_NavidAPI_sf_fb-data'!$J20/'[11]GABM_R03_NavidAPI_sf_fb-data'!$L20 -> 0.5504 | C21: ='[12]GABM_R03_savannah_sf_fb-data'!$J20/'[12]GABM_R03_savannah_sf_fb-data'!$L20 -> 0.4456 | D21: ='[13]GABM_R03_MitchellAPI_sf_fb-data'!$J20/'[13]GABM_R03_MitchellAPI_sf_fb-data'!$L20 -> 0.442 | E21: 1 | F21: ='[15]GABM_R03_Terry_sf_fb-data'!$J20/'[15]GABM_R03_Terry_sf_fb-data'!$L20 -> 0.5552 | G21: ='[16]R03_GABM_NiyoushaAPI_sf_fb-data'!$J20/'[16]R03_GABM_NiyoushaAPI_sf_fb-data'!$L20 -> 0.4888 | H21: ='[17]GABM_R03_SudipaAPI_sf_fb-data'!$J20/'[17]GABM_R03_SudipaAPI_sf_fb-data'!$L20 -> 0.4896 | I21: ='[18]GABM_R03_Terry_sf_fb_2-data'!$J20/'[18]GABM_R03_Terry_sf_fb_2-data'!$L20 -> 0.5848 | J21: ='[19]GABM_R03_NavidAPI_sf_fb_2-data'!$J20/'[19]GABM_R03_NavidAPI_sf_fb_2-data'!$L20 -> 0.4792 | K21: ='[20]R03_GABM_NiyoushaAPI_sf_fb_2-da'!$J20/'[20]R03_GABM_NiyoushaAPI_sf_fb_2-da'!$L20 -> 0.396 | L21: =AVERAGE(B21:K21) -> 0.54316
... A29: 26 | B29: ='[11]GABM_R03_NavidAPI_sf_fb-data'!$J28/'[11]GABM_R03_NavidAPI_sf_fb-data'!$L28 -> 0.9892 | C29: ='[12]GABM_R03_savannah_sf_fb-data'!$J28/'[12]GABM_R03_savannah_sf_fb-data'!$L28 -> 0.9696 | D29: ='[13]GABM_R03_MitchellAPI_sf_fb-data'!$J28/'[13]GABM_R03_MitchellAPI_sf_fb-data'!$L28 -> 0.9424 | E29: 1 | F29: ='[15]GABM_R03_Terry_sf_fb-data'!$J28/'[15]GABM_R03_Terry_sf_fb-data'!$L28 -> 0.9764 | G29: ='[16]R03_GABM_NiyoushaAPI_sf_fb-data'!$J28/'[16]R03_GABM_NiyoushaAPI_sf_fb-data'!$L28 -> 0.996 | H29: ='[17]GABM_R03_SudipaAPI_sf_fb-data'!$J28/'[17]GABM_R03_SudipaAPI_sf_fb-data'!$L28 -> 0.9744 | I29: ='[18]GABM_R03_Terry_sf_fb_2-data'!$J28/'[18]GABM_R03_Terry_sf_fb_2-data'!$L28 -> 0.9936 | J29: ='[19]GABM_R03_NavidAPI_sf_fb_2-data'!$J28/'[19]GABM_R03_NavidAPI_sf_fb_2-data'!$L28 -> 0.9848 | K29: ='[20]R03_GABM_NiyoushaAPI_sf_fb_2-da'!$J28/'[20]R03_GABM_NiyoushaAPI_sf_fb_2-da'!$L28 -> 0.9504 | L29: =AVERAGE(B29:K29) -> 0.97768
A30: 27 | B30: ='[11]GABM_R03_NavidAPI_sf_fb-data'!$J29/'[11]GABM_R03_NavidAPI_sf_fb-data'!$L29 -> 0.9936 | C30: ='[12]GABM_R03_savannah_sf_fb-data'!$J29/'[12]GABM_R03_savannah_sf_fb-data'!$L29 -> 0.9828 | D30: ='[13]GABM_R03_MitchellAPI_sf_fb-data'!$J29/'[13]GABM_R03_MitchellAPI_sf_fb-data'!$L29 -> 0.958 | E30: 1 | F30: ='[15]GABM_R03_Terry_sf_fb-data'!$J29/'[15]GABM_R03_Terry_sf_fb-data'!$L29 -> 0.986 | G30: 1 | H30: ='[17]GABM_R03_SudipaAPI_sf_fb-data'!$J29/'[17]GABM_R03_SudipaAPI_sf_fb-data'!$L29 -> 0.9832 | I30: ='[18]GABM_R03_Terry_sf_fb_2-data'!$J29/'[18]GABM_R03_Terry_sf_fb_2-data'!$L29 -> 0.99 | J30: ='[19]GABM_R03_NavidAPI_sf_fb_2-data'!$J29/'[19]GABM_R03_NavidAPI_sf_fb_2-data'!$L29 -> 0.994 | K30: ='[20]R03_GABM_NiyoushaAPI_sf_fb_2-da'!$J29/'[20]R03_GABM_NiyoushaAPI_sf_fb_2-da'!$L29 -> 0.9624 | L30: =AVERAGE(B30:K30) -> 0.985
A31: 28 | B31: ='[11]GABM_R03_NavidAPI_sf_fb-data'!$J30/'[11]GABM_R03_NavidAPI_sf_fb-data'!$L30 -> 0.9936 | C31: ='[12]GABM_R03_savannah_sf_fb-data'!$J30/'[12]GABM_R03_savannah_sf_fb-data'!$L30 -> 0.9856 | D31: ='[13]GABM_R03_MitchellAPI_sf_fb-data'!$J30/'[13]GABM_R03_MitchellAPI_sf_fb-data'!$L30 -> 0.9796 | E31: 1 | F31: ='[15]GABM_R03_Terry_sf_fb-data'!$J30/'[15]GABM_R03_Terry_sf_fb-data'!$L30 -> 0.9932 | G31: 1 | H31: ='[17]GABM_R03_SudipaAPI_sf_fb-data'!$J30/'[17]GABM_R03_SudipaAPI_sf_fb-data'!$L30 -> 0.9836 | I31: ='[18]GABM_R03_Terry_sf_fb_2-data'!$J30/'[18]GABM_R03_Terry_sf_fb_2-data'!$L30 -> 0.9936 | J31: ='[19]GABM_R03_NavidAPI_sf_fb_2-data'!$J30/'[19]GABM_R03_NavidAPI_sf_fb_2-data'!$L30 -> 0.9972 | K31: ='[20]R03_GABM_NiyoushaAPI_sf_fb_2-da'!$J30/'[20]R03_GABM_NiyoushaAPI_sf_fb_2-da'!$L30 -> 0.9796 | L31: =AVERAGE(B31:K31) -> 0.9906
A32: 29 | B32: ='[11]GABM_R03_NavidAPI_sf_fb-data'!$J31/'[11]GABM_R03_NavidAPI_sf_fb-data'!$L31 -> 0.9924 | C32: ='[12]GABM_R03_savannah_sf_fb-data'!$J31/'[12]GABM_R03_savannah_sf_fb-data'!$L31 -> 0.9976 | D32: ='[13]GABM_R03_MitchellAPI_sf_fb-data'!$J31/'[13]GABM_R03_MitchellAPI_sf_fb-data'!$L31 -> 0.9876 | E32: 1 | F32: ='[15]GABM_R03_Terry_sf_fb-data'!$J31/'[15]GABM_R03_Terry_sf_fb-data'!$L31 -> 0.9972 | G32: 1 | H32: ='[17]GABM_R03_SudipaAPI_sf_fb-data'!$J31/'[17]GABM_R03_SudipaAPI_sf_fb-data'!$L31 -> 0.9908 | I32: ='[18]GABM_R03_Terry_sf_fb_2-data'!$J31/'[18]GABM_R03_Terry_sf_fb_2-data'!$L31 -> 0.9936 | J32: 1 | K32: ='[20]R03_GABM_NiyoushaAPI_sf_fb_2-da'!$J31/'[20]R03_GABM_NiyoushaAPI_sf_fb_2-da'!$L31 -> 0.9888 | L32: =AVERAGE(B32:K32) -> 0.9948
A33: 30 | B33: ='[11]GABM_R03_NavidAPI_sf_fb-data'!$J32/'[11]GABM_R03_NavidAPI_sf_fb-data'!$L32 -> 0.9928 | C33: 1 | D33: ='[13]GABM_R03_MitchellAPI_sf_fb-data'!$J32/'[13]GABM_R03_MitchellAPI_sf_fb-data'!$L32 -> 0.9936 | E33: 1 | F33: ='[15]GABM_R03_Terry_sf_fb-data'!$J32/'[15]GABM_R03_Terry_sf_fb-data'!$L32 -> 0.9984 | G33: 1 | H33: ='[17]GABM_R03_SudipaAPI_sf_fb-data'!$J32/'[17]GABM_R03_SudipaAPI_sf_fb-data'!$L32 -> 0.994 | I33: ='[18]GABM_R03_Terry_sf_fb_2-data'!$J32/'[18]GABM_R03_Terry_sf_fb_2-data'!$L32 -> 0.9968 | J33: 1 | K33: ='[20]R03_GABM_NiyoushaAPI_sf_fb_2-da'!$J32/'[20]R03_GABM_NiyoushaAPI_sf_fb_2-da'!$L32 -> 0.9928 | L33: =AVERAGE(B33:K33) -> 0.99684
A34: 31 | B34: ='[11]GABM_R03_NavidAPI_sf_fb-data'!$J33/'[11]GABM_R03_NavidAPI_sf_fb-data'!$L33 -> 0.9988 | C34: 1 | D34: ='[13]GABM_R03_MitchellAPI_sf_fb-data'!$J33/'[13]GABM_R03_MitchellAPI_sf_fb-data'!$L33 -> 0.9964 | E34: 1 | F34: 1 | G34: 1 | H34: ='[17]GABM_R03_SudipaAPI_sf_fb-data'!$J33/'[17]GABM_R03_SudipaAPI_sf_fb-data'!$L33 -> 0.996 | I34: ='[18]GABM_R03_Terry_sf_fb_2-data'!$J33/'[18]GABM_R03_Terry_sf_fb_2-data'!$L33 -> 0.9972 | J34: 1 | K34: ='[20]R03_GABM_NiyoushaAPI_sf_fb_2-da'!$J33/'[20]R03_GABM_NiyoushaAPI_sf_fb_2-da'!$L33 -> 0.994 | L34: =AVERAGE(B34:K34) -> 0.99824
A35: 32 | B35: 1 | C35: 1 | D35: 1 | E35: 1 | F35: 1 | G35: 1 | H35: ='[17]GABM_R03_SudipaAPI_sf_fb-data'!$J34/'[17]GABM_R03_SudipaAPI_sf_fb-data'!$L34 -> 0.998 | I35: ='[18]GABM_R03_Terry_sf_fb_2-data'!$J34/'[18]GABM_R03_Terry_sf_fb_2-data'!$L34 -> 0.9976 | J35: 1 | K35: ='[20]R03_GABM_NiyoushaAPI_sf_fb_2-da'!$J34/'[20]R03_GABM_NiyoushaAPI_sf_fb_2-da'!$L34 -> 0.9952 | L35: =AVERAGE(B35:K35) -> 0.99908
A36: 33 | B36: 1 | C36: 1 | D36: 1 | E36: 1 | F36: 1 | G36: 1 | H36: ='[17]GABM_R03_SudipaAPI_sf_fb-data'!$J35/'[17]GABM_R03_SudipaAPI_sf_fb-data'!$L35 -> 0.9984 | I36: 1 | J36: 1 | K36: ='[20]R03_GABM_NiyoushaAPI_sf_fb_2-da'!$J35/'[20]R03_GABM_NiyoushaAPI_sf_fb_2-da'!$L35 -> 0.9976 | L36: =AVERAGE(B36:K36) -> 0.9996
A37: 34 | B37: 1 | C37: 1 | D37: 1 | E37: 1 | F37: 1 | G37: 1 | H37: 1 | I37: 1 | J37: 1 | K37: ='[20]R03_GABM_NiyoushaAPI_sf_fb_2-da'!$J36/'[20]R03_GABM_NiyoushaAPI_sf_fb_2-da'!$L36 -> 0.998 | L37: =AVERAGE(B37:K37) -> 0.9998

Sheet Mobility FF
A1: Mobility per timestep
A2: Time Step | B2: Run 1 | C2: Run 2 | D2: Run 3 | E2: Run 4 | F2: Run 5 | G2: Run 6 | H2: Run 7 | I2: Run 8 | J2: Run 9 | K2: Run 10 | L2: Average
A3: 0 | B3: 1 | C3: 1 | D3: 1 | E3: 1 | F3: 1 | G3: 1 | H3: 1 | I3: 1 | J3: 1 | K3: 1 | L3: =AVERAGE(B3:K3) -> 1
A4: 1 | B4: ='[21]R03_GABM-data'!$J3/'[21]R03_GABM-data'!$L3 -> 0.9964 | C4: ='[22]GABM_R03_RossAPI-data'!$J3/'[22]GABM_R03_RossAPI-data'!$L3 -> 0.9928 | D4: ='[23]GABM_R03_RandiAPI-data'!$J3/'[23]GABM_R03_RandiAPI-data'!$L3 -> 0.9904 | E4: ='[24]GABM_R03_NavidAPI-data'!$J3/'[24]GABM_R03_NavidAPI-data'!$L3 -> 0.9956 | F4: ='[25]GABM_R03_Terry-data'!$J3/'[25]GABM_R03_Terry-data'!$L3 -> 0.9936 | G4: ='[26]GABM_R03_SarahAPI-data'!$J3/'[26]GABM_R03_SarahAPI-data'!$L3 -> 0.9932 | H4: ='[27]GABM_R03_savannah-data'!$J3/'[27]GABM_R03_savannah-data'!$L3 -> 0.9896 | I4: ='[28]GABM_R03_MitchellAPI-data'!$J3/'[28]GABM_R03_MitchellAPI-data'!$L3 -> 0.9976 | J4: ='[29]GABM_R03_SudipaAPI-data'!$J3/'[29]GABM_R03_SudipaAPI-data'!$L3 -> 0.9928 | K4: ='[30]R03_GABM_run2-data'!$J3/'[30]R03_GABM_run2-data'!$L3 -> 0.9956 | L4: =AVERAGE(B4:K4) -> 0.99376
A5: 2 | B5: ='[21]R03_GABM-data'!$J4/'[21]R03_GABM-data'!$L4 -> 0.9952 | C5: ='[22]GABM_R03_RossAPI-data'!$J4/'[22]GABM_R03_RossAPI-data'!$L4 -> 0.992 | D5: ='[23]GABM_R03_RandiAPI-data'!$J4/'[23]GABM_R03_RandiAPI-data'!$L4 -> 0.9892 | E5: ='[24]GABM_R03_NavidAPI-data'!$J4/'[24]GABM_R03_NavidAPI-data'!$L4 -> 0.9976 | F5: ='[25]GABM_R03_Terry-data'!$J4/'[25]GABM_R03_Terry-data'!$L4 -> 0.9956 | G5: ='[26]GABM_R03_SarahAPI-data'!$J4/'[26]GABM_R03_SarahAPI-data'!$L4 -> 0.994 | H5: ='[27]GABM_R03_savannah-data'!$J4/'[27]GABM_R03_savannah-data'!$L4 -> 0.9928 | I5: ='[28]GABM_R03_MitchellAPI-data'!$J4/'[28]GABM_R03_MitchellAPI-data'!$L4 -> 0.9956 | J5: ='[29]GABM_R03_SudipaAPI-data'!$J4/'[29]GABM_R03_SudipaAPI-data'!$L4 -> 0.9948 | K5: ='[30]R03_GABM_run2-data'!$J4/'[30]R03_GABM_run2-data'!$L4 -> 0.9968 | L5: =AVERAGE(B5:K5) -> 0.99436
A6: 3 | B6: ='[21]R03_GABM-data'!$J5/'[21]R03_GABM-data'!$L5 -> 0.998 | C6: ='[22]GABM_R03_RossAPI-data'!$J5/'[22]GABM_R03_RossAPI-data'!$L5 -> 0.996 | D6: ='[23]GABM_R03_RandiAPI-data'!$J5/'[23]GABM_R03_RandiAPI-data'!$L5 -> 0.9888 | E6: ='[24]GABM_R03_NavidAPI-data'!$J5/'[24]GABM_R03_NavidAPI-data'!$L5 -> 0.9964 | F6: ='[25]GABM_R03_Terry-data'!$J5/'[25]GABM_R03_Terry-data'!$L5 -> 0.992 | G6: ='[26]GABM_R03_SarahAPI-data'!$J5/'[26]GABM_R03_SarahAPI-data'!$L5 -> 0.994 | H6: ='[27]GABM_R03_savannah-data'!$J5/'[27]GABM_R03_savannah-data'!$L5 -> 0.9916 | I6: ='[28]GABM_R03_MitchellAPI-data'!$J5/'[28]GABM_R03_MitchellAPI-data'!$L5 -> 0.9968 | J6: ='[29]GABM_R03_SudipaAPI-data'!$J5/'[29]GABM_R03_SudipaAPI-data'!$L5 -> 0.9908 | K6: ='[30]R03_GABM_run2-data'!$J5/'[30]R03_GABM_run2-data'!$L5 -> 0.9976 | L6: =AVERAGE(B6:K6) -> 0.9942
A7: 4 | B7: ='[21]R03_GABM-data'!$J6/'[21]R03_GABM-data'!$L6 -> 0.61 | C7: ='[22]GABM_R03_RossAPI-data'!$J6/'[22]GABM_R03_RossAPI-data'!$L6 -> 0.6336 | D7: ='[23]GABM_R03_RandiAPI-data'!$J6/'[23]GABM_R03_RandiAPI-data'!$L6 -> 0.602 | E7: ='[24]GABM_R03_NavidAPI-data'!$J6/'[24]GABM_R03_NavidAPI-data'!$L6 -> 0.6252 | F7: ='[25]GABM_R03_Terry-data'!$J6/'[25]GABM_R03_Terry-data'!$L6 -> 0.622 | G7: ='[26]GABM_R03_SarahAPI-data'!$J6/'[26]GABM_R03_SarahAPI-data'!$L6 -> 0.6312 | H7: ='[27]GABM_R03_savannah-data'!$J6/'[27]GABM_R03_savannah-data'!$L6 -> 0.6032 | I7: ='[28]GABM_R03_MitchellAPI-data'!$J6/'[28]GABM_R03_MitchellAPI-data'!$L6 -> 0.614 | J7: ='[29]GABM_R03_SudipaAPI-data'!$J6/'[29]GABM_R03_SudipaAPI-data'!$L6 -> 0.6128 | K7: ='[30]R03_GABM_run2-data'!$J6/'[30]R03_GABM_run2-data'!$L6 -> 0.6224 | L7: =AVERAGE(B7:K7) -> 0.61764
A8: 5 | B8: ='[21]R03_GABM-data'!$J7/'[21]R03_GABM-data'!$L7 -> 0.5952 | C8: ='[22]GABM_R03_RossAPI-data'!$J7/'[22]GABM_R03_RossAPI-data'!$L7 -> 0.6496 | D8: ='[23]GABM_R03_RandiAPI-data'!$J7/'[23]GABM_R03_RandiAPI-data'!$L7 -> 0.616 | E8: ='[24]GABM_R03_NavidAPI-data'!$J7/'[24]GABM_R03_NavidAPI-data'!$L7 -> 0.9896 | F8: ='[25]GABM_R03_Terry-data'!$J7/'[25]GABM_R03_Terry-data'!$L7 -> 0.6296 | G8: ='[26]GABM_R03_SarahAPI-data'!$J7/'[26]GABM_R03_SarahAPI-data'!$L7 -> 0.9896 | H8: ='[27]GABM_R03_savannah-data'!$J7/'[27]GABM_R03_savannah-data'!$L7 -> 0.6444 | I8: ='[28]GABM_R03_MitchellAPI-data'!$J7/'[28]GABM_R03_MitchellAPI-data'!$L7 -> 0.5808 | J8: ='[29]GABM_R03_SudipaAPI-data'!$J7/'[29]GABM_R03_SudipaAPI-data'!$L7 -> 0.5972 | K8: ='[30]R03_GABM_run2-data'!$J7/'[30]R03_GABM_run2-data'!$L7 -> 0.3232 | L8: =AVERAGE(B8:K8) -> 0.66152
A9: 6 | B9: ='[21]R03_GABM-data'!$J8/'[21]R03_GABM-data'!$L8 -> 0.5072 | C9: ='[22]GABM_R03_RossAPI-data'!$J8/'[22]GABM_R03_RossAPI-data'!$L8 -> 0.6312 | D9: ='[23]GABM_R03_RandiAPI-data'!$J8/'[23]GABM_R03_RandiAPI-data'!$L8 -> 0.2816 | E9: ='[24]GABM_R03_NavidAPI-data'!$J8/'[24]GABM_R03_NavidAPI-data'!$L8 -> 0.5864 | F9: ='[25]GABM_R03_Terry-data'!$J8/'[25]GABM_R03_Terry-data'!$L8 -> 0.2872 | G9: ='[26]GABM_R03_SarahAPI-data'!$J8/'[26]GABM_R03_SarahAPI-data'!$L8 -> 0.6436 | H9: ='[27]GABM_R03_savannah-data'!$J8/'[27]GABM_R03_savannah-data'!$L8 -> 0.5928 | I9: ='[28]GABM_R03_MitchellAPI-data'!$J8/'[28]GABM_R03_MitchellAPI-data'!$L8 -> 0.592 | J9: ='[29]GABM_R03_SudipaAPI-data'!$J8/'[29]GABM_R03_SudipaAPI-data'!$L8 -> 0.6092 | K9: ='[30]R03_GABM_run2-data'!$J8/'[30]R03_GABM_run2-data'!$L8 -> 0.5688 | L9: =AVERAGE(B9:K9) -> 0.53
A10: 7 | B10: ='[21]R03_GABM-data'!$J9/'[21]R03_GABM-data'!$L9 -> 0.4372 | C10: ='[22]GABM_R03_RossAPI-data'!$J9/'[22]GABM_R03_RossAPI-data'!$L9 -> 0.708 | D10: ='[23]GABM_R03_RandiAPI-data'!$J9/'[23]GABM_R03_RandiAPI-data'!$L9 -> 0.5104 | E10: ='[24]GABM_R03_NavidAPI-data'!$J9/'[24]GABM_R03_NavidAPI-data'!$L9 -> 0.4704 | F10: ='[25]GABM_R03_Terry-data'!$J9/'[25]GABM_R03_Terry-data'!$L9 -> 0.5596 | G10: ='[26]GABM_R03_SarahAPI-data'!$J9/'[26]GABM_R03_SarahAPI-data'!$L9 -> 0.6308 | H10: ='[27]GABM_R03_savannah-data'!$J9/'[27]GABM_R03_savannah-data'!$L9 -> 0.3004 | I10: ='[28]GABM_R03_MitchellAPI-data'!$J9/'[28]GABM_R03_MitchellAPI-data'!$L9 -> 0.4492 | J10: ='[29]GABM_R03_SudipaAPI-data'!$J9/'[29]GABM_R03_SudipaAPI-data'!$L9 -> 0.3252 | K10: ='[30]R03_GABM_run2-data'!$J9/'[30]R03_GABM_run2-data'!$L9 -> 0.3008 | L10: =AVERAGE(B10:K10) -> 0.4692
A11: 8 | B11: ='[21]R03_GABM-data'!$J10/'[21]R03_GABM-data'!$L10 -> 0.2068 | C11: ='[22]GABM_R03_RossAPI-data'!$J10/'[22]GABM_R03_RossAPI-data'!$L10 -> 0.2112 | D11: ='[23]GABM_R03_RandiAPI-data'!$J10/'[23]GABM_R03_RandiAPI-data'!$L10 -> 0.5736 | E11: ='[24]GABM_R03_NavidAPI-data'!$J10/'[24]GABM_R03_NavidAPI-data'!$L10 -> 0.5544 | F11: ='[25]GABM_R03_Terry-data'!$J10/'[25]GABM_R03_Terry-data'!$L10 -> 0.4656 | G11: ='[26]GABM_R03_SarahAPI-data'!$J10/'[26]GABM_R03_SarahAPI-data'!$L10 -> 0.6084 | H11: ='[27]GABM_R03_savannah-data'!$J10/'[27]GABM_R03_savannah-data'!$L10 -> 0.5904 | I11: ='[28]GABM_R03_MitchellAPI-data'!$J10/'[28]GABM_R03_MitchellAPI-data'!$L10 -> 0.4748 | J11: ='[29]GABM_R03_SudipaAPI-data'!$J10/'[29]GABM_R03_SudipaAPI-data'!$L10 -> 0.6204 | K11: ='[30]R03_GABM_run2-data'!$J10/'[30]R03_GABM_run2-data'!$L10 -> 0.308 | L11: =AVERAGE(B11:K11) -> 0.46136
A12: 9 | B12: ='[21]R03_GABM-data'!$J11/'[21]R03_GABM-data'!$L11 -> 0.1196 | C12: ='[22]GABM_R03_RossAPI-data'!$J11/'[22]GABM_R03_RossAPI-data'!$L11 -> 0.146 | D12: ='[23]GABM_R03_RandiAPI-data'!$J11/'[23]GABM_R03_RandiAPI-data'!$L11 -> 0.5716 | E12: ='[24]GABM_R03_NavidAPI-data'!$J11/'[24]GABM_R03_NavidAPI-data'!$L11 -> 0.2348 | F12: ='[25]GABM_R03_Terry-data'!$J11/'[25]GABM_R03_Terry-data'!$L11 -> 0.7056 | G12: ='[26]GABM_R03_SarahAPI-data'!$J11/'[26]GABM_R03_SarahAPI-data'!$L11 -> 0.4904 | H12: ='[27]GABM_R03_savannah-data'!$J11/'[27]GABM_R03_savannah-data'!$L11 -> 0.5872 | I12: ='[28]GABM_R03_MitchellAPI-data'!$J11/'[28]GABM_R03_MitchellAPI-data'!$L11 -> 0.2124 | J12: ='[29]GABM_R03_SudipaAPI-data'!$J11/'[29]GABM_R03_SudipaAPI-data'!$L11 -> 0.646 | K12: ='[30]R03_GABM_run2-data'!$J11/'[30]R03_GABM_run2-data'!$L11 -> 0.6072 | L12: =AVERAGE(B12:K12) -> 0.43208
A13: 10 | B13: ='[21]R03_GABM-data'!$J12/'[21]R03_GABM-data'!$L12 -> 0.2624 | C13: ='[22]GABM_R03_RossAPI-data'!$J12/'[22]GABM_R03_RossAPI-data'!$L12 -> 0.2764 | D13: ='[23]GABM_R03_RandiAPI-data'!$J12/'[23]GABM_R03_RandiAPI-data'!$L12 -> 0.5196 | E13: ='[24]GABM_R03_NavidAPI-data'!$J12/'[24]GABM_R03_NavidAPI-data'!$L12 -> 0.1196 | F13: ='[25]GABM_R03_Terry-data'!$J12/'[25]GABM_R03_Terry-data'!$L12 -> 0.7164 | G13: ='[26]GABM_R03_SarahAPI-data'!$J12/'[26]GABM_R03_SarahAPI-data'!$L12 -> 0.6172 | H13: ='[27]GABM_R03_savannah-data'!$J12/'[27]GABM_R03_savannah-data'!$L12 -> 0.3028 | I13: ='[28]GABM_R03_MitchellAPI-data'!$J12/'[28]GABM_R03_MitchellAPI-data'!$L12 -> 0.2092 | J13: ='[29]GABM_R03_SudipaAPI-data'!$J12/'[29]GABM_R03_SudipaAPI-data'!$L12 -> 0.5712 | K13: ='[30]R03_GABM_run2-data'!$J12/'[30]R03_GABM_run2-data'!$L12 -> 0.6324 | L13: =AVERAGE(B13:K13) -> 0.42272
A14: 11 | B14: ='[21]R03_GABM-data'!$J13/'[21]R03_GABM-data'!$L13 -> 0.2 | C14: ='[22]GABM_R03_RossAPI-data'!$J13/'[22]GABM_R03_RossAPI-data'!$L13 -> 0.0796 | D14: ='[23]GABM_R03_RandiAPI-data'!$J13/'[23]GABM_R03_RandiAPI-data'!$L13 -> 0.288 | E14: ='[24]GABM_R03_NavidAPI-data'!$J13/'[24]GABM_R03_NavidAPI-data'!$L13 -> 0.1132 | F14: ='[25]GABM_R03_Terry-data'!$J13/'[25]GABM_R03_Terry-data'!$L13 -> 0.4728 | G14: ='[26]GABM_R03_SarahAPI-data'!$J13/'[26]GABM_R03_SarahAPI-data'!$L13 -> 0.6836 | H14: ='[27]GABM_R03_savannah-data'!$J13/'[27]GABM_R03_savannah-data'!$L13 -> 0.5744 | I14: ='[28]GABM_R03_MitchellAPI-data'!$J13/'[28]GABM_R03_MitchellAPI-data'!$L13 -> 0.2132 | J14: ='[29]GABM_R03_SudipaAPI-data'!$J13/'[29]GABM_R03_SudipaAPI-data'!$L13 -> 0.5676 | K14: ='[30]R03_GABM_run2-data'!$J13/'[30]R03_GABM_run2-data'!$L13 -> 0.6184 | L14: =AVERAGE(B14:K14) -> 0.38108
A15: 12 | B15: ='[21]R03_GABM-data'!$J14/'[21]R03_GABM-data'!$L14 -> 0.1948 | C15: ='[22]GABM_R03_RossAPI-data'!$J14/'[22]GABM_R03_RossAPI-data'!$L14 -> 0.548 | D15: ='[23]GABM_R03_RandiAPI-data'!$J14/'[23]GABM_R03_RandiAPI-data'!$L14 -> 0.4248 | E15: ='[24]GABM_R03_NavidAPI-data'!$J14/'[24]GABM_R03_NavidAPI-data'!$L14 -> 0.252 | F15: ='[25]GABM_R03_Terry-data'!$J14/'[25]GABM_R03_Terry-data'!$L14 -> 0.1344 | G15: ='[26]GABM_R03_SarahAPI-data'!$J14/'[26]GABM_R03_SarahAPI-data'!$L14 -> 0.3372 | H15: ='[27]GABM_R03_savannah-data'!$J14/'[27]GABM_R03_savannah-data'!$L14 -> 0.5808 | I15: ='[28]GABM_R03_MitchellAPI-data'!$J14/'[28]GABM_R03_MitchellAPI-data'!$L14 -> 0.5448 | J15: ='[29]GABM_R03_SudipaAPI-data'!$J14/'[29]GABM_R03_SudipaAPI-data'!$L14 -> 0.58 | K15: ='[30]R03_GABM_run2-data'!$J14/'[30]R03_GABM_run2-data'!$L14 -> 0.6384 | L15: =AVERAGE(B15:K15) -> 0.42352
... A56: 53 | B56: ='[21]R03_GABM-data'!$J55/'[21]R03_GABM-data'!$L55 -> 0.506 | C56: ='[22]GABM_R03_RossAPI-data'!$J55/'[22]GABM_R03_RossAPI-data'!$L55 -> 0.6044 | D56: ='[23]GABM_R03_RandiAPI-data'!$J55/'[23]GABM_R03_RandiAPI-data'!$L55 -> 0.9876 | E56: ='[24]GABM_R03_NavidAPI-data'!$J55/'[24]GABM_R03_NavidAPI-data'!$L55 -> 0.6344 | F56: ='[25]GABM_R03_Terry-data'!$J55/'[25]GABM_R03_Terry-data'!$L55 -> 0.994 | G56: ='[26]GABM_R03_SarahAPI-data'!$J55/'[26]GABM_R03_SarahAPI-data'!$L55 -> 0.2988 | H56: ='[27]GABM_R03_savannah-data'!$J55/'[27]GABM_R03_savannah-data'!$L55 -> 0.5596 | I56: ='[28]GABM_R03_MitchellAPI-data'!$J55/'[28]GABM_R03_MitchellAPI-data'!$L55 -> 0.7404 | J56: ='[29]GABM_R03_SudipaAPI-data'!$J55/'[29]GABM_R03_SudipaAPI-data'!$L55 -> 0.5524 | K56: ='[30]R03_GABM_run2-data'!$J55/'[30]R03_GABM_run2-data'!$L55 -> 0.9988 | L56: =AVERAGE(B56:K56) -> 0.68764
A57: 54 | B57: ='[21]R03_GABM-data'!$J56/'[21]R03_GABM-data'!$L56 -> 0.306 | C57: ='[22]GABM_R03_RossAPI-data'!$J56/'[22]GABM_R03_RossAPI-data'!$L56 -> 0.6428 | D57: 1 | E57: ='[24]GABM_R03_NavidAPI-data'!$J56/'[24]GABM_R03_NavidAPI-data'!$L56 -> 0.6264 | F57: ='[25]GABM_R03_Terry-data'!$J56/'[25]GABM_R03_Terry-data'!$L56 -> 0.9928 | G57: ='[26]GABM_R03_SarahAPI-data'!$J56/'[26]GABM_R03_SarahAPI-data'!$L56 -> 0.6156 | H57: ='[27]GABM_R03_savannah-data'!$J56/'[27]GABM_R03_savannah-data'!$L56 -> 0.9868 | I57: ='[28]GABM_R03_MitchellAPI-data'!$J56/'[28]GABM_R03_MitchellAPI-data'!$L56 -> 0.4604 | J57: ='[29]GABM_R03_SudipaAPI-data'!$J56/'[29]GABM_R03_SudipaAPI-data'!$L56 -> 0.5328 | K57: ='[30]R03_GABM_run2-data'!$J56/'[30]R03_GABM_run2-data'!$L56 -> 0.9964 | L57: =AVERAGE(B57:K57) -> 0.716
A58: 55 | B58: ='[21]R03_GABM-data'!$J57/'[21]R03_GABM-data'!$L57 -> 0.5144 | C58: ='[22]GABM_R03_RossAPI-data'!$J57/'[22]GABM_R03_RossAPI-data'!$L57 -> 0.63 | D58: 1 | E58: ='[24]GABM_R03_NavidAPI-data'!$J57/'[24]GABM_R03_NavidAPI-data'!$L57 -> 0.9984 | F58: ='[25]GABM_R03_Terry-data'!$J57/'[25]GABM_R03_Terry-data'!$L57 -> 0.9916 | G58: ='[26]GABM_R03_SarahAPI-data'!$J57/'[26]GABM_R03_SarahAPI-data'!$L57 -> 0.3028 | H58: ='[27]GABM_R03_savannah-data'!$J57/'[27]GABM_R03_savannah-data'!$L57 -> 0.9928 | I58: ='[28]GABM_R03_MitchellAPI-data'!$J57/'[28]GABM_R03_MitchellAPI-data'!$L57 -> 0.2136 | J58: ='[29]GABM_R03_SudipaAPI-data'!$J57/'[29]GABM_R03_SudipaAPI-data'!$L57 -> 0.5728 | K58: ='[30]R03_GABM_run2-data'!$J57/'[30]R03_GABM_run2-data'!$L57 -> 0.9956 | L58: =AVERAGE(B58:K58) -> 0.7212
A59: 56 | B59: ='[21]R03_GABM-data'!$J58/'[21]R03_GABM-data'!$L58 -> 0.2948 | C59: ='[22]GABM_R03_RossAPI-data'!$J58/'[22]GABM_R03_RossAPI-data'!$L58 -> 0.6532 | D59: 1 | E59: ='[24]GABM_R03_NavidAPI-data'!$J58/'[24]GABM_R03_NavidAPI-data'!$L58 -> 0.624 | F59: ='[25]GABM_R03_Terry-data'!$J58/'[25]GABM_R03_Terry-data'!$L58 -> 0.6288 | G59: ='[26]GABM_R03_SarahAPI-data'!$J58/'[26]GABM_R03_SarahAPI-data'!$L58 -> 0.2928 | H59: ='[27]GABM_R03_savannah-data'!$J58/'[27]GABM_R03_savannah-data'!$L58 -> 0.6596 | I59: ='[28]GABM_R03_MitchellAPI-data'!$J58/'[28]GABM_R03_MitchellAPI-data'!$L58 -> 0.7104 | J59: ='[29]GABM_R03_SudipaAPI-data'!$J58/'[29]GABM_R03_SudipaAPI-data'!$L58 -> 0.6056 | K59: ='[30]R03_GABM_run2-data'!$J58/'[30]R03_GABM_run2-data'!$L58 -> 0.636 | L59: =AVERAGE(B59:K59) -> 0.61052
A60: 57 | B60: ='[21]R03_GABM-data'!$J59/'[21]R03_GABM-data'!$L59 -> 0.558 | C60: ='[22]GABM_R03_RossAPI-data'!$J59/'[22]GABM_R03_RossAPI-data'!$L59 -> 0.6264 | D60: 1 | E60: ='[24]GABM_R03_NavidAPI-data'!$J59/'[24]GABM_R03_NavidAPI-data'!$L59 -> 0.6304 | F60: ='[25]GABM_R03_Terry-data'!$J59/'[25]GABM_R03_Terry-data'!$L59 -> 0.6044 | G60: ='[26]GABM_R03_SarahAPI-data'!$J59/'[26]GABM_R03_SarahAPI-data'!$L59 -> 0.6436 | H60: ='[27]GABM_R03_savannah-data'!$J59/'[27]GABM_R03_savannah-data'!$L59 -> 0.9936 | I60: ='[28]GABM_R03_MitchellAPI-data'!$J59/'[28]GABM_R03_MitchellAPI-data'!$L59 -> 0.1284 | J60: ='[29]GABM_R03_SudipaAPI-data'!$J59/'[29]GABM_R03_SudipaAPI-data'!$L59 -> 0.5816 | K60: ='[30]R03_GABM_run2-data'!$J59/'[30]R03_GABM_run2-data'!$L59 -> 0.994 | L60: =AVERAGE(B60:K60) -> 0.67604
A61: 58 | B61: ='[21]R03_GABM-data'!$J60/'[21]R03_GABM-data'!$L60 -> 0.6224 | C61: ='[22]GABM_R03_RossAPI-data'!$J60/'[22]GABM_R03_RossAPI-data'!$L60 -> 0.6108 | D61: 1 | E61: ='[24]GABM_R03_NavidAPI-data'!$J60/'[24]GABM_R03_NavidAPI-data'!$L60 -> 0.6128 | F61: ='[25]GABM_R03_Terry-data'!$J60/'[25]GABM_R03_Terry-data'!$L60 -> 0.6076 | G61: ='[26]GABM_R03_SarahAPI-data'!$J60/'[26]GABM_R03_SarahAPI-data'!$L60 -> 0.6364 | H61: ='[27]GABM_R03_savannah-data'!$J60/'[27]GABM_R03_savannah-data'!$L60 -> 0.9936 | I61: ='[28]GABM_R03_MitchellAPI-data'!$J60/'[28]GABM_R03_MitchellAPI-data'!$L60 -> 0.4596 | J61: ='[29]GABM_R03_SudipaAPI-data'!$J60/'[29]GABM_R03_SudipaAPI-data'!$L60 -> 0.6 | K61: ='[30]R03_GABM_run2-data'!$J60/'[30]R03_GABM_run2-data'!$L60 -> 0.6208 | L61: =AVERAGE(B61:K61) -> 0.6764
A62: 59 | B62: ='[21]R03_GABM-data'!$J61/'[21]R03_GABM-data'!$L61 -> 0.6032 | C62: ='[22]GABM_R03_RossAPI-data'!$J61/'[22]GABM_R03_RossAPI-data'!$L61 -> 0.6472 | D62: 1 | E62: ='[24]GABM_R03_NavidAPI-data'!$J61/'[24]GABM_R03_NavidAPI-data'!$L61 -> 0.2904 | F62: ='[25]GABM_R03_Terry-data'!$J61/'[25]GABM_R03_Terry-data'!$L61 -> 0.2832 | G62: ='[26]GABM_R03_SarahAPI-data'!$J61/'[26]GABM_R03_SarahAPI-data'!$L61 -> 0.6216 | H62: ='[27]GABM_R03_savannah-data'!$J61/'[27]GABM_R03_savannah-data'!$L61 -> 0.5712 | I62: ='[28]GABM_R03_MitchellAPI-data'!$J61/'[28]GABM_R03_MitchellAPI-data'!$L61 -> 0.5892 | J62: ='[29]GABM_R03_SudipaAPI-data'!$J61/'[29]GABM_R03_SudipaAPI-data'!$L61 -> 0.606 | K62: ='[30]R03_GABM_run2-data'!$J61/'[30]R03_GABM_run2-data'!$L61 -> 0.5756 | L62: =AVERAGE(B62:K62) -> 0.57876
A63: 60 | B63: ='[21]R03_GABM-data'!$J62/'[21]R03_GABM-data'!$L62 -> 0.9908 | C63: ='[22]GABM_R03_RossAPI-data'!$J62/'[22]GABM_R03_RossAPI-data'!$L62 -> 0.3312 | D63: 1 | E63: ='[24]GABM_R03_NavidAPI-data'!$J62/'[24]GABM_R03_NavidAPI-data'!$L62 -> 0.6212 | F63: ='[25]GABM_R03_Terry-data'!$J62/'[25]GABM_R03_Terry-data'!$L62 -> 0.5628 | G63: ='[26]GABM_R03_SarahAPI-data'!$J62/'[26]GABM_R03_SarahAPI-data'!$L62 -> 0.64 | H63: ='[27]GABM_R03_savannah-data'!$J62/'[27]GABM_R03_savannah-data'!$L62 -> 0.646 | I63: ='[28]GABM_R03_MitchellAPI-data'!$J62/'[28]GABM_R03_MitchellAPI-data'!$L62 -> 0.5788 | J63: ='[29]GABM_R03_SudipaAPI-data'!$J62/'[29]GABM_R03_SudipaAPI-data'!$L62 -> 0.6268 | K63: ='[30]R03_GABM_run2-data'!$J62/'[30]R03_GABM_run2-data'!$L62 -> 0.6196 | L63: =AVERAGE(B63:K63) -> 0.66172
A64: 61 | B64: ='[21]R03_GABM-data'!$J63/'[21]R03_GABM-data'!$L63 -> 0.6052 | C64: ='[22]GABM_R03_RossAPI-data'!$J63/'[22]GABM_R03_RossAPI-data'!$L63 -> 0.322 | D64: 1 | E64: ='[24]GABM_R03_NavidAPI-data'!$J63/'[24]GABM_R03_NavidAPI-data'!$L63 -> 0.2768 | F64: ='[25]GABM_R03_Terry-data'!$J63/'[25]GABM_R03_Terry-data'!$L63 -> 0.5776 | G64: ='[26]GABM_R03_SarahAPI-data'!$J63/'[26]GABM_R03_SarahAPI-data'!$L63 -> 0.618 | H64: ='[27]GABM_R03_savannah-data'!$J63/'[27]GABM_R03_savannah-data'!$L63 -> 0.5596 | I64: ='[28]GABM_R03_MitchellAPI-data'!$J63/'[28]GABM_R03_MitchellAPI-data'!$L63 -> 0.6264 | J64: ='[29]GABM_R03_SudipaAPI-data'!$J63/'[29]GABM_R03_SudipaAPI-data'!$L63 -> 0.6236 | K64: ='[30]R03_GABM_run2-data'!$J63/'[30]R03_GABM_run2-data'!$L63 -> 0.6048 | L64: =AVERAGE(B64:K64) -> 0.5814
A65: 62 | B65: ='[21]R03_GABM-data'!$J64/'[21]R03_GABM-data'!$L64 -> 0.618 | C65: ='[22]GABM_R03_RossAPI-data'!$J64/'[22]GABM_R03_RossAPI-data'!$L64 -> 0.6396 | D65: 1 | E65: ='[24]GABM_R03_NavidAPI-data'!$J64/'[24]GABM_R03_NavidAPI-data'!$L64 -> 0.4644 | F65: ='[25]GABM_R03_Terry-data'!$J64/'[25]GABM_R03_Terry-data'!$L64 -> 0.6148 | G65: ='[26]GABM_R03_SarahAPI-data'!$J64/'[26]GABM_R03_SarahAPI-data'!$L64 -> 0.634 | H65: ='[27]GABM_R03_savannah-data'!$J64/'[27]GABM_R03_savannah-data'!$L64 -> 0.5996 | I65: ='[28]GABM_R03_MitchellAPI-data'!$J64/'[28]GABM_R03_MitchellAPI-data'!$L64 -> 0.6268 | J65: ='[29]GABM_R03_SudipaAPI-data'!$J64/'[29]GABM_R03_SudipaAPI-data'!$L64 -> 0.652 | K65: ='[30]R03_GABM_run2-data'!$J64/'[30]R03_GABM_run2-data'!$L64 -> 0.6368 | L65: =AVERAGE(B65:K65) -> 0.6486
A66: 63 | B66: ='[21]R03_GABM-data'!$J65/'[21]R03_GABM-data'!$L65 -> 0.644 | C66: ='[22]GABM_R03_RossAPI-data'!$J65/'[22]GABM_R03_RossAPI-data'!$L65 -> 0.6524 | D66: 1 | E66: ='[24]GABM_R03_NavidAPI-data'!$J65/'[24]GABM_R03_NavidAPI-data'!$L65 -> 0.272 | F66: ='[25]GABM_R03_Terry-data'!$J65/'[25]GABM_R03_Terry-data'!$L65 -> 0.984 | G66: ='[26]GABM_R03_SarahAPI-data'!$J65/'[26]GABM_R03_SarahAPI-data'!$L65 -> 0.6264 | H66: ='[27]GABM_R03_savannah-data'!$J65/'[27]GABM_R03_savannah-data'!$L65 -> 0.5912 | I66: ='[28]GABM_R03_MitchellAPI-data'!$J65/'[28]GABM_R03_MitchellAPI-data'!$L65 -> 0.9864 | J66: ='[29]GABM_R03_SudipaAPI-data'!$J65/'[29]GABM_R03_SudipaAPI-data'!$L65 -> 0.6112 | K66: ='[30]R03_GABM_run2-data'!$J65/'[30]R03_GABM_run2-data'!$L65 -> 0.3072 | L66: =AVERAGE(B66:K66) -> 0.66748
A67: 64 | B67: ='[21]R03_GABM-data'!$J66/'[21]R03_GABM-data'!$L66 -> 0.5172 | C67: ='[22]GABM_R03_RossAPI-data'!$J66/'[22]GABM_R03_RossAPI-data'!$L66 -> 0.9884 | D67: 1 | E67: ='[24]GABM_R03_NavidAPI-data'!$J66/'[24]GABM_R03_NavidAPI-data'!$L66 -> 0.2824 | F67: ='[25]GABM_R03_Terry-data'!$J66/'[25]GABM_R03_Terry-data'!$L66 -> 0.6232 | G67: ='[26]GABM_R03_SarahAPI-data'!$J66/'[26]GABM_R03_SarahAPI-data'!$L66 -> 0.6168 | H67: ='[27]GABM_R03_savannah-data'!$J66/'[27]GABM_R03_savannah-data'!$L66 -> 0.6488 | I67: ='[28]GABM_R03_MitchellAPI-data'!$J66/'[28]GABM_R03_MitchellAPI-data'!$L66 -> 0.9952 | J67: ='[29]GABM_R03_SudipaAPI-data'!$J66/'[29]GABM_R03_SudipaAPI-data'!$L66 -> 0.6192 | K67: ='[30]R03_GABM_run2-data'!$J66/'[30]R03_GABM_run2-data'!$L66 -> 0.6432 | L67: =AVERAGE(B67:K67) -> 0.69344
A68: 65 | B68: ='[21]R03_GABM-data'!$J67/'[21]R03_GABM-data'!$L67 -> 0.5912 | C68: ='[22]GABM_R03_RossAPI-data'!$J67/'[22]GABM_R03_RossAPI-data'!$L67 -> 0.9952 | D68: 1 | E68: ='[24]GABM_R03_NavidAPI-data'!$J67/'[24]GABM_R03_NavidAPI-data'!$L67 -> 0.6168 | F68: ='[25]GABM_R03_Terry-data'!$J67/'[25]GABM_R03_Terry-data'!$L67 -> 0.9884 | G68: ='[26]GABM_R03_SarahAPI-data'!$J67/'[26]GABM_R03_SarahAPI-data'!$L67 -> 0.6428 | H68: ='[27]GABM_R03_savannah-data'!$J67/'[27]GABM_R03_savannah-data'!$L67 -> 0.6016 | I68: ='[28]GABM_R03_MitchellAPI-data'!$J67/'[28]GABM_R03_MitchellAPI-data'!$L67 -> 0.9964 | J68: ='[29]GABM_R03_SudipaAPI-data'!$J67/'[29]GABM_R03_SudipaAPI-data'!$L67 -> 0.608 | K68: ='[30]R03_GABM_run2-data'!$J67/'[30]R03_GABM_run2-data'!$L67 -> 0.3072 | L68: =AVERAGE(B68:K68) -> 0.73476
... A78: 75 | B78: ='[21]R03_GABM-data'!$J77/'[21]R03_GABM-data'!$L77 -> 0.9972 | C78: ='[22]GABM_R03_RossAPI-data'!$J77/'[22]GABM_R03_RossAPI-data'!$L77 -> 0.9916 | D78: 1 | E78: ='[24]GABM_R03_NavidAPI-data'!$J77/'[24]GABM_R03_NavidAPI-data'!$L77 -> 0.9932 | F78: ='[25]GABM_R03_Terry-data'!$J77/'[25]GABM_R03_Terry-data'!$L77 -> 0.6228 | G78: ='[26]GABM_R03_SarahAPI-data'!$J77/'[26]GABM_R03_SarahAPI-data'!$L77 -> 0.6572 | H78: ='[27]GABM_R03_savannah-data'!$J77/'[27]GABM_R03_savannah-data'!$L77 -> 0.5976 | I78: ='[28]GABM_R03_MitchellAPI-data'!$J77/'[28]GABM_R03_MitchellAPI-data'!$L77 -> 0.9896 | J78: ='[29]GABM_R03_SudipaAPI-data'!$J77/'[29]GABM_R03_SudipaAPI-data'!$L77 -> 0.6228 | K78: ='[30]R03_GABM_run2-data'!$J77/'[30]R03_GABM_run2-data'!$L77 -> 0.6156 | L78: =AVERAGE(B78:K78) -> 0.80876
A79: 76 | B79: ='[21]R03_GABM-data'!$J78/'[21]R03_GABM-data'!$L78 -> 0.9976 | C79: 1 | D79: 1 | E79: ='[24]GABM_R03_NavidAPI-data'!$J78/'[24]GABM_R03_NavidAPI-data'!$L78 -> 0.996 | F79: ='[25]GABM_R03_Terry-data'!$J78/'[25]GABM_R03_Terry-data'!$L78 -> 0.9896 | G79: ='[26]GABM_R03_SarahAPI-data'!$J78/'[26]GABM_R03_SarahAPI-data'!$L78 -> 0.6232 | H79: ='[27]GABM_R03_savannah-data'!$J78/'[27]GABM_R03_savannah-data'!$L78 -> 0.4852 | I79: ='[28]GABM_R03_MitchellAPI-data'!$J78/'[28]GABM_R03_MitchellAPI-data'!$L78 -> 0.6208 | J79: ='[29]GABM_R03_SudipaAPI-data'!$J78/'[29]GABM_R03_SudipaAPI-data'!$L78 -> 0.988 | K79: ='[30]R03_GABM_run2-data'!$J78/'[30]R03_GABM_run2-data'!$L78 -> 0.63 | L79: =AVERAGE(B79:K79) -> 0.83304
A80: 77 | B80: 1 | C80: 1 | D80: 1 | E80: 1 | F80: ='[25]GABM_R03_Terry-data'!$J79/'[25]GABM_R03_Terry-data'!$L79 -> 0.6192 | G80: ='[26]GABM_R03_SarahAPI-data'!$J79/'[26]GABM_R03_SarahAPI-data'!$L79 -> 0.6444 | H80: ='[27]GABM_R03_savannah-data'!$J79/'[27]GABM_R03_savannah-data'!$L79 -> 0.9716 | I80: ='[28]GABM_R03_MitchellAPI-data'!$J79/'[28]GABM_R03_MitchellAPI-data'!$L79 -> 0.9948 | J80: ='[29]GABM_R03_SudipaAPI-data'!$J79/'[29]GABM_R03_SudipaAPI-data'!$L79 -> 0.9868 | K80: ='[30]R03_GABM_run2-data'!$J79/'[30]R03_GABM_run2-data'!$L79 -> 0.6212 | L80: =AVERAGE(B80:K80) -> 0.8838
A81: 78 | B81: 1 | C81: 1 | D81: 1 | E81: 1 | F81: ='[25]GABM_R03_Terry-data'!$J80/'[25]GABM_R03_Terry-data'!$L80 -> 0.6172 | G81: ='[26]GABM_R03_SarahAPI-data'!$J80/'[26]GABM_R03_SarahAPI-data'!$L80 -> 0.6244 | H81: ='[27]GABM_R03_savannah-data'!$J80/'[27]GABM_R03_savannah-data'!$L80 -> 0.5904 | I81: ='[28]GABM_R03_MitchellAPI-data'!$J80/'[28]GABM_R03_MitchellAPI-data'!$L80 -> 0.6004 | J81: ='[29]GABM_R03_SudipaAPI-data'!$J80/'[29]GABM_R03_SudipaAPI-data'!$L80 -> 0.6132 | K81: ='[30]R03_GABM_run2-data'!$J80/'[30]R03_GABM_run2-data'!$L80 -> 0.9944 | L81: =AVERAGE(B81:K81) -> 0.804
A82: 79 | B82: 1 | C82: 1 | D82: 1 | E82: 1 | F82: ='[25]GABM_R03_Terry-data'!$J81/'[25]GABM_R03_Terry-data'!$L81 -> 0.6148 | G82: ='[26]GABM_R03_SarahAPI-data'!$J81/'[26]GABM_R03_SarahAPI-data'!$L81 -> 0.6336 | H82: ='[27]GABM_R03_savannah-data'!$J81/'[27]GABM_R03_savannah-data'!$L81 -> 0.6692 | I82: ='[28]GABM_R03_MitchellAPI-data'!$J81/'[28]GABM_R03_MitchellAPI-data'!$L81 -> 0.4988 | J82: ='[29]GABM_R03_SudipaAPI-data'!$J81/'[29]GABM_R03_SudipaAPI-data'!$L81 -> 0.9916 | K82: ='[30]R03_GABM_run2-data'!$J81/'[30]R03_GABM_run2-data'!$L81 -> 0.632 | L82: =AVERAGE(B82:K82) -> 0.804
A83: 80 | B83: 1 | C83: 1 | D83: 1 | E83: 1 | F83: ='[25]GABM_R03_Terry-data'!$J82/'[25]GABM_R03_Terry-data'!$L82 -> 0.6144 | G83: ='[26]GABM_R03_SarahAPI-data'!$J82/'[26]GABM_R03_SarahAPI-data'!$L82 -> 0.6172 | H83: ='[27]GABM_R03_savannah-data'!$J82/'[27]GABM_R03_savannah-data'!$L82 -> 0.99 | I83: ='[28]GABM_R03_MitchellAPI-data'!$J82/'[28]GABM_R03_MitchellAPI-data'!$L82 -> 0.5764 | J83: ='[29]GABM_R03_SudipaAPI-data'!$J82/'[29]GABM_R03_SudipaAPI-data'!$L82 -> 0.6268 | K83: ='[30]R03_GABM_run2-data'!$J82/'[30]R03_GABM_run2-data'!$L82 -> 0.6368 | L83: =AVERAGE(B83:K83) -> 0.80616
A84: 81 | B84: 1 | C84: 1 | D84: 1 | E84: 1 | F84: ='[25]GABM_R03_Terry-data'!$J83/'[25]GABM_R03_Terry-data'!$L83 -> 0.5824 | G84: ='[26]GABM_R03_SarahAPI-data'!$J83/'[26]GABM_R03_SarahAPI-data'!$L83 -> 0.6244 | H84: ='[27]GABM_R03_savannah-data'!$J83/'[27]GABM_R03_savannah-data'!$L83 -> 0.6548 | I84: ='[28]GABM_R03_MitchellAPI-data'!$J83/'[28]GABM_R03_MitchellAPI-data'!$L83 -> 0.2188 | J84: ='[29]GABM_R03_SudipaAPI-data'!$J83/'[29]GABM_R03_SudipaAPI-data'!$L83 -> 0.9896 | K84: ='[30]R03_GABM_run2-data'!$J83/'[30]R03_GABM_run2-data'!$L83 -> 0.616 | L84: =AVERAGE(B84:K84) -> 0.7686
A85: 82 | B85: 1 | C85: 1 | D85: 1 | E85: 1 | F85: ='[25]GABM_R03_Terry-data'!$J84/'[25]GABM_R03_Terry-data'!$L84 -> 0.634 | G85: ='[26]GABM_R03_SarahAPI-data'!$J84/'[26]GABM_R03_SarahAPI-data'!$L84 -> 0.6184 | H85: ='[27]GABM_R03_savannah-data'!$J84/'[27]GABM_R03_savannah-data'!$L84 -> 0.992 | I85: ='[28]GABM_R03_MitchellAPI-data'!$J84/'[28]GABM_R03_MitchellAPI-data'!$L84 -> 0.5288 | J85: ='[29]GABM_R03_SudipaAPI-data'!$J84/'[29]GABM_R03_SudipaAPI-data'!$L84 -> 0.9904 | K85: ='[30]R03_GABM_run2-data'!$J84/'[30]R03_GABM_run2-data'!$L84 -> 0.6432 | L85: =AVERAGE(B85:K85) -> 0.84068
A86: 83 | B86: 1 | C86: 1 | D86: 1 | E86: 1 | F86: ='[25]GABM_R03_Terry-data'!$J85/'[25]GABM_R03_Terry-data'!$L85 -> 0.6192 | G86: ='[26]GABM_R03_SarahAPI-data'!$J85/'[26]GABM_R03_SarahAPI-data'!$L85 -> 0.6188 | H86: ='[27]GABM_R03_savannah-data'!$J85/'[27]GABM_R03_savannah-data'!$L85 -> 0.9928 | I86: ='[28]GABM_R03_MitchellAPI-data'!$J85/'[28]GABM_R03_MitchellAPI-data'!$L85 -> 0.6184 | J86: ='[29]GABM_R03_SudipaAPI-data'!$J85/'[29]GABM_R03_SudipaAPI-data'!$L85 -> 0.6108 | K86: ='[30]R03_GABM_run2-data'!$J85/'[30]R03_GABM_run2-data'!$L85 -> 0.9888 | L86: =AVERAGE(B86:K86) -> 0.84488
A87: 84 | B87: 1 | C87: 1 | D87: 1 | E87: 1 | F87: ='[25]GABM_R03_Terry-data'!$J86/'[25]GABM_R03_Terry-data'!$L86 -> 0.9928 | G87: ='[26]GABM_R03_SarahAPI-data'!$J86/'[26]GABM_R03_SarahAPI-data'!$L86 -> 0.6344 | H87: ='[27]GABM_R03_savannah-data'!$J86/'[27]GABM_R03_savannah-data'!$L86 -> 0.6124 | I87: ='[28]GABM_R03_MitchellAPI-data'!$J86/'[28]GABM_R03_MitchellAPI-data'!$L86 -> 0.6272 | J87: ='[29]GABM_R03_SudipaAPI-data'!$J86/'[29]GABM_R03_SudipaAPI-data'!$L86 -> 0.612 | K87: ='[30]R03_GABM_run2-data'!$J86/'[30]R03_GABM_run2-data'!$L86 -> 0.616 | L87: =AVERAGE(B87:K87) -> 0.80948
A88: 85 | B88: 1 | C88: 1 | D88: 1 | E88: 1 | F88: ='[25]GABM_R03_Terry-data'!$J87/'[25]GABM_R03_Terry-data'!$L87 -> 0.9904 | G88: ='[26]GABM_R03_SarahAPI-data'!$J87/'[26]GABM_R03_SarahAPI-data'!$L87 -> 0.9908 | H88: ='[27]GABM_R03_savannah-data'!$J87/'[27]GABM_R03_savannah-data'!$L87 -> 0.6576 | I88: ='[28]GABM_R03_MitchellAPI-data'!$J87/'[28]GABM_R03_MitchellAPI-data'!$L87 -> 0.6416 | J88: ='[29]GABM_R03_SudipaAPI-data'!$J87/'[29]GABM_R03_SudipaAPI-data'!$L87 -> 0.6208 | K88: ='[30]R03_GABM_run2-data'!$J87/'[30]R03_GABM_run2-data'!$L87 -> 0.994 | L88: =AVERAGE(B88:K88) -> 0.88952
A89: 86 | B89: 1 | C89: 1 | D89: 1 | E89: 1 | F89: 1 | G89: ='[26]GABM_R03_SarahAPI-data'!$J88/'[26]GABM_R03_SarahAPI-data'!$L88 -> 0.992 | H89: ='[27]GABM_R03_savannah-data'!$J88/'[27]GABM_R03_savannah-data'!$L88 -> 0.9908 | I89: ='[28]GABM_R03_MitchellAPI-data'!$J88/'[28]GABM_R03_MitchellAPI-data'!$L88 -> 0.6384 | J89: ='[29]GABM_R03_SudipaAPI-data'!$J88/'[29]GABM_R03_SudipaAPI-data'!$L88 -> 0.584 | K89: ='[30]R03_GABM_run2-data'!$J88/'[30]R03_GABM_run2-data'!$L88 -> 0.6344 | L89: =AVERAGE(B89:K89) -> 0.88396
A90: 87 | B90: 1 | C90: 1 | D90: 1 | E90: 1 | F90: 1 | G90: ='[26]GABM_R03_SarahAPI-data'!$J89/'[26]GABM_R03_SarahAPI-data'!$L89 -> 0.9908 | H90: ='[27]GABM_R03_savannah-data'!$J89/'[27]GABM_R03_savannah-data'!$L89 -> 0.9964 | I90: ='[28]GABM_R03_MitchellAPI-data'!$J89/'[28]GABM_R03_MitchellAPI-data'!$L89 -> 0.9932 | J90: ='[29]GABM_R03_SudipaAPI-data'!$J89/'[29]GABM_R03_SudipaAPI-data'!$L89 -> 0.578 | K90: ='[30]R03_GABM_run2-data'!$J89/'[30]R03_GABM_run2-data'!$L89 -> 0.63 | L90: =AVERAGE(B90:K90) -> 0.91884
A91: 88 | B91: 1 | C91: 1 | D91: 1 | E91: 1 | F91: 1 | G91: ='[26]GABM_R03_SarahAPI-data'!$J90/'[26]GABM_R03_SarahAPI-data'!$L90 -> 0.64 | H91: ='[27]GABM_R03_savannah-data'!$J90/'[27]GABM_R03_savannah-data'!$L90 -> 0.998 | I91: ='[28]GABM_R03_MitchellAPI-data'!$J90/'[28]GABM_R03_MitchellAPI-data'!$L90 -> 0.6532 | J91: ='[29]GABM_R03_SudipaAPI-data'!$J90/'[29]GABM_R03_SudipaAPI-data'!$L90 -> 0.6112 | K91: ='[30]R03_GABM_run2-data'!$J90/'[30]R03_GABM_run2-data'!$L90 -> 0.6248 | L91: =AVERAGE(B91:K91) -> 0.85272
A92: 89 | B92: 1 | C92: 1 | D92: 1 | E92: 1 | F92: 1 | G92: ='[26]GABM_R03_SarahAPI-data'!$J91/'[26]GABM_R03_SarahAPI-data'!$L91 -> 0.644 | H92: ='[27]GABM_R03_savannah-data'!$J91/'[27]GABM_R03_savannah-data'!$L91 -> 0.998 | I92: ='[28]GABM_R03_MitchellAPI-data'!$J91/'[28]GABM_R03_MitchellAPI-data'!$L91 -> 0.6512 | J92: ='[29]GABM_R03_SudipaAPI-data'!$J91/'[29]GABM_R03_SudipaAPI-data'!$L91 -> 0.6132 | K92: ='[30]R03_GABM_run2-data'!$J91/'[30]R03_GABM_run2-data'!$L91 -> 0.6312 | L92: =AVERAGE(B92:K92) -> 0.85376
A93: 90 | B93: 1 | C93: 1 | D93: 1 | E93: 1 | F93: 1 | G93: ='[26]GABM_R03_SarahAPI-data'!$J92/'[26]GABM_R03_SarahAPI-data'!$L92 -> 0.6196 | H93: 1 | I93: ='[28]GABM_R03_MitchellAPI-data'!$J92/'[28]GABM_R03_MitchellAPI-data'!$L92 -> 0.9904 | J93: ='[29]GABM_R03_SudipaAPI-data'!$J92/'[29]GABM_R03_SudipaAPI-data'!$L92 -> 0.9936 | K93: ='[30]R03_GABM_run2-data'!$J92/'[30]R03_GABM_run2-data'!$L92 -> 0.9948 | L93: =AVERAGE(B93:K93) -> 0.95984
A94: 91 | B94: 1 | C94: 1 | D94: 1 | E94: 1 | F94: 1 | G94: ='[26]GABM_R03_SarahAPI-data'!$J93/'[26]GABM_R03_SarahAPI-data'!$L93 -> 0.6384 | H94: 1 | I94: ='[28]GABM_R03_MitchellAPI-data'!$J93/'[28]GABM_R03_MitchellAPI-data'!$L93 -> 0.626 | J94: ='[29]GABM_R03_SudipaAPI-data'!$J93/'[29]GABM_R03_SudipaAPI-data'!$L93 -> 0.6172 | K94: ='[30]R03_GABM_run2-data'!$J93/'[30]R03_GABM_run2-data'!$L93 -> 0.9956 | L94: =AVERAGE(B94:K94) -> 0.88772
A95: 92 | B95: 1 | C95: 1 | D95: 1 | E95: 1 | F95: 1 | G95: ='[26]GABM_R03_SarahAPI-data'!$J94/'[26]GABM_R03_SarahAPI-data'!$L94 -> 0.6216 | H95: 1 | I95: ='[28]GABM_R03_MitchellAPI-data'!$J94/'[28]GABM_R03_MitchellAPI-data'!$L94 -> 0.6544 | J95: ='[29]GABM_R03_SudipaAPI-data'!$J94/'[29]GABM_R03_SudipaAPI-data'!$L94 -> 0.6196 | K95: ='[30]R03_GABM_run2-data'!$J94/'[30]R03_GABM_run2-data'!$L94 -> 0.9968 | L95: =AVERAGE(B95:K95) -> 0.88924
A96: 93 | B96: 1 | C96: 1 | D96: 1 | E96: 1 | F96: 1 | G96: ='[26]GABM_R03_SarahAPI-data'!$J95/'[26]GABM_R03_SarahAPI-data'!$L95 -> 0.6332 | H96: 1 | I96: ='[28]GABM_R03_MitchellAPI-data'!$J95/'[28]GABM_R03_MitchellAPI-data'!$L95 -> 0.992 | J96: ='[29]GABM_R03_SudipaAPI-data'!$J95/'[29]GABM_R03_SudipaAPI-data'!$L95 -> 0.9888 | K96: ='[30]R03_GABM_run2-data'!$J95/'[30]R03_GABM_run2-data'!$L95 -> 0.9948 | L96: =AVERAGE(B96:K96) -> 0.96088
A97: 94 | B97: 1 | C97: 1 | D97: 1 | E97: 1 | F97: 1 | G97: ='[26]GABM_R03_SarahAPI-data'!$J96/'[26]GABM_R03_SarahAPI-data'!$L96 -> 0.992 | H97: 1 | I97: ='[28]GABM_R03_MitchellAPI-data'!$J96/'[28]GABM_R03_MitchellAPI-data'!$L96 -> 0.484 | J97: ='[29]GABM_R03_SudipaAPI-data'!$J96/'[29]GABM_R03_SudipaAPI-data'!$L96 -> 0.6192 | K97: ='[30]R03_GABM_run2-data'!$J96/'[30]R03_GABM_run2-data'!$L96 -> 0.624 | L97: =AVERAGE(B97:K97) -> 0.87192
A98: 95 | B98: 1 | C98: 1 | D98: 1 | E98: 1 | F98: 1 | G98: ='[26]GABM_R03_SarahAPI-data'!$J97/'[26]GABM_R03_SarahAPI-data'!$L97 -> 0.9968 | H98: 1 | I98: ='[28]GABM_R03_MitchellAPI-data'!$J97/'[28]GABM_R03_MitchellAPI-data'!$L97 -> 0.6584 | J98: ='[29]GABM_R03_SudipaAPI-data'!$J97/'[29]GABM_R03_SudipaAPI-data'!$L97 -> 0.61 | K98: ='[30]R03_GABM_run2-data'!$J97/'[30]R03_GABM_run2-data'!$L97 -> 0.994 | L98: =AVERAGE(B98:K98) -> 0.92592
A99: 96 | B99: 1 | C99: 1 | D99: 1 | E99: 1 | F99: 1 | G99: ='[26]GABM_R03_SarahAPI-data'!$J98/'[26]GABM_R03_SarahAPI-data'!$L98 -> 0.9976 | H99: 1 | I99: ='[28]GABM_R03_MitchellAPI-data'!$J98/'[28]GABM_R03_MitchellAPI-data'!$L98 -> 0.6148 | J99: ='[29]GABM_R03_SudipaAPI-data'!$J98/'[29]GABM_R03_SudipaAPI-data'!$L98 -> 0.6008 | K99: ='[30]R03_GABM_run2-data'!$J98/'[30]R03_GABM_run2-data'!$L98 -> 0.9952 | L99: =AVERAGE(B99:K99) -> 0.92084
A100: 97 | B100: 1 | C100: 1 | D100: 1 | E100: 1 | F100: 1 | G100: ='[26]GABM_R03_SarahAPI-data'!$J99/'[26]GABM_R03_SarahAPI-data'!$L99 -> 0.9972 | H100: 1 | I100: ='[28]GABM_R03_MitchellAPI-data'!$J99/'[28]GABM_R03_MitchellAPI-data'!$L99 -> 0.5976 | J100: ='[29]GABM_R03_SudipaAPI-data'!$J99/'[29]GABM_R03_SudipaAPI-data'!$L99 -> 0.628 | K100: 1 | L100: =AVERAGE(B100:K100) -> 0.92228
A101: 98 | B101: 1 | C101: 1 | D101: 1 | E101: 1 | F101: 1 | G101: ='[26]GABM_R03_SarahAPI-data'!$J100/'[26]GABM_R03_SarahAPI-data'!$L100 -> 0.6352 | H101: 1 | I101: ='[28]GABM_R03_MitchellAPI-data'!$J100/'[28]GABM_R03_MitchellAPI-data'!$L100 -> 0.6336 | J101: ='[29]GABM_R03_SudipaAPI-data'!$J100/'[29]GABM_R03_SudipaAPI-data'!$L100 -> 0.616 | K101: 1 | L101: =AVERAGE(B101:K101) -> 0.88848
A102: 99 | B102: 1 | C102: 1 | D102: 1 | E102: 1 | F102: 1 | G102: ='[26]GABM_R03_SarahAPI-data'!$J101/'[26]GABM_R03_SarahAPI-data'!$L101 -> 0.6208 | H102: 1 | I102: ='[28]GABM_R03_MitchellAPI-data'!$J101/'[28]GABM_R03_MitchellAPI-data'!$L101 -> 0.6128 | J102: ='[29]GABM_R03_SudipaAPI-data'!$J101/'[29]GABM_R03_SudipaAPI-data'!$L101 -> 0.9924 | K102: 1 | L102: =AVERAGE(B102:K102) -> 0.9226
A103: 100 | B103: 1 | C103: 1 | D103: 1 | E103: 1 | F103: 1 | G103: ='[26]GABM_R03_SarahAPI-data'!$J102/'[26]GABM_R03_SarahAPI-data'!$L102 -> 0.6356 | H103: 1 | I103: ='[28]GABM_R03_MitchellAPI-data'!$J102/'[28]GABM_R03_MitchellAPI-data'!$L102 -> 0.6432 | J103: ='[29]GABM_R03_SudipaAPI-data'!$J102/'[29]GABM_R03_SudipaAPI-data'!$L102 -> 0.992 | K103: 1 | L103: =AVERAGE(B103:K103) -> 0.92708
A104: 101 | B104: 1 | C104: 1 | D104: 1 | E104: 1 | F104: 1 | G104: ='[26]GABM_R03_SarahAPI-data'!$J103/'[26]GABM_R03_SarahAPI-data'!$L103 -> 0.616 | H104: 1 | I104: ='[28]GABM_R03_MitchellAPI-data'!$J103/'[28]GABM_R03_MitchellAPI-data'!$L103 -> 0.622 | J104: ='[29]GABM_R03_SudipaAPI-data'!$J103/'[29]GABM_R03_SudipaAPI-data'!$L103 -> 0.9888 | K104: 1 | L104: =AVERAGE(B104:K104) -> 0.92268
A105: 102 | B105: 1 | C105: 1 | D105: 1 | E105: 1 | F105: 1 | G105: ='[26]GABM_R03_SarahAPI-data'!$J104/'[26]GABM_R03_SarahAPI-data'!$L104 -> 0.9928 | H105: 1 | I105: ='[28]GABM_R03_MitchellAPI-data'!$J104/'[28]GABM_R03_MitchellAPI-data'!$L104 -> 0.6416 | J105: ='[29]GABM_R03_SudipaAPI-data'!$J104/'[29]GABM_R03_SudipaAPI-data'!$L104 -> 0.9928 | K105: 1 | L105: =AVERAGE(B105:K105) -> 0.96272
A106: 103 | B106: 1 | C106: 1 | D106: 1 | E106: 1 | F106: 1 | G106: ='[26]GABM_R03_SarahAPI-data'!$J105/'[26]GABM_R03_SarahAPI-data'!$L105 -> 0.9904 | H106: 1 | I106: ='[28]GABM_R03_MitchellAPI-data'!$J105/'[28]GABM_R03_MitchellAPI-data'!$L105 -> 0.6176 | J106: ='[29]GABM_R03_SudipaAPI-data'!$J105/'[29]GABM_R03_SudipaAPI-data'!$L105 -> 0.6324 | K106: 1 | L106: =AVERAGE(B106:K106) -> 0.92404
A107: 104 | B107: 1 | C107: 1 | D107: 1 | E107: 1 | F107: 1 | G107: ='[26]GABM_R03_SarahAPI-data'!$J106/'[26]GABM_R03_SarahAPI-data'!$L106 -> 0.9948 | H107: 1 | I107: ='[28]GABM_R03_MitchellAPI-data'!$J106/'[28]GABM_R03_MitchellAPI-data'!$L106 -> 0.6468 | J107: ='[29]GABM_R03_SudipaAPI-data'!$J106/'[29]GABM_R03_SudipaAPI-data'!$L106 -> 0.6056 | K107: 1 | L107: =AVERAGE(B107:K107) -> 0.92472
A108: 105 | B108: 1 | C108: 1 | D108: 1 | E108: 1 | F108: 1 | G108: ='[26]GABM_R03_SarahAPI-data'!$J107/'[26]GABM_R03_SarahAPI-data'!$L107 -> 0.9916 | H108: 1 | I108: ='[28]GABM_R03_MitchellAPI-data'!$J107/'[28]GABM_R03_MitchellAPI-data'!$L107 -> 0.9932 | J108: ='[29]GABM_R03_SudipaAPI-data'!$J107/'[29]GABM_R03_SudipaAPI-data'!$L107 -> 0.9864 | K108: 1 | L108: =AVERAGE(B108:K108) -> 0.99712
A109: 106 | B109: 1 | C109: 1 | D109: 1 | E109: 1 | F109: 1 | G109: ='[26]GABM_R03_SarahAPI-data'!$J108/'[26]GABM_R03_SarahAPI-data'!$L108 -> 0.634 | H109: 1 | I109: ='[28]GABM_R03_MitchellAPI-data'!$J108/'[28]GABM_R03_MitchellAPI-data'!$L108 -> 0.9972 | J109: ='[29]GABM_R03_SudipaAPI-data'!$J108/'[29]GABM_R03_SudipaAPI-data'!$L108 -> 0.9928 | K109: 1 | L109: =AVERAGE(B109:K109) -> 0.9624
A110: 107 | B110: 1 | C110: 1 | D110: 1 | E110: 1 | F110: 1 | G110: ='[26]GABM_R03_SarahAPI-data'!$J109/'[26]GABM_R03_SarahAPI-data'!$L109 -> 0.64 | H110: 1 | I110: ='[28]GABM_R03_MitchellAPI-data'!$J109/'[28]GABM_R03_MitchellAPI-data'!$L109 -> 0.9996 | J110: ='[29]GABM_R03_SudipaAPI-data'!$J109/'[29]GABM_R03_SudipaAPI-data'!$L109 -> 0.9924 | K110: 1 | L110: =AVERAGE(B110:K110) -> 0.9632
A111: 108 | B111: 1 | C111: 1 | D111: 1 | E111: 1 | F111: 1 | G111: ='[26]GABM_R03_SarahAPI-data'!$J110/'[26]GABM_R03_SarahAPI-data'!$L110 -> 0.6396 | H111: 1 | I111: ='[28]GABM_R03_MitchellAPI-data'!$J110/'[28]GABM_R03_MitchellAPI-data'!$L110 -> 0.9948 | J111: ='[29]GABM_R03_SudipaAPI-data'!$J110/'[29]GABM_R03_SudipaAPI-data'!$L110 -> 0.9924 | K111: 1 | L111: =AVERAGE(B111:K111) -> 0.96268
... A118: 115 | B118: 1 | C118: 1 | D118: 1 | E118: 1 | F118: 1 | G118: ='[26]GABM_R03_SarahAPI-data'!$J117/'[26]GABM_R03_SarahAPI-data'!$L117 -> 0.6132 | H118: 1 | I118: ='[28]GABM_R03_MitchellAPI-data'!$J117/'[28]GABM_R03_MitchellAPI-data'!$L117 -> 0.998 | J118: ='[29]GABM_R03_SudipaAPI-data'!$J117/'[29]GABM_R03_SudipaAPI-data'!$L117 -> 0.6184 | K118: 1 | L118: =AVERAGE(B118:K118) -> 0.92296
A119: 116 | B119: 1 | C119: 1 | D119: 1 | E119: 1 | F119: 1 | G119: ='[26]GABM_R03_SarahAPI-data'!$J118/'[26]GABM_R03_SarahAPI-data'!$L118 -> 0.634 | H119: 1 | I119: 1 | J119: ='[29]GABM_R03_SudipaAPI-data'!$J118/'[29]GABM_R03_SudipaAPI-data'!$L118 -> 0.614 | K119: 1 | L119: =AVERAGE(B119:K119) -> 0.9248
A120: 117 | B120: 1 | C120: 1 | D120: 1 | E120: 1 | F120: 1 | G120: ='[26]GABM_R03_SarahAPI-data'!$J119/'[26]GABM_R03_SarahAPI-data'!$L119 -> 0.3028 | H120: 1 | I120: 1 | J120: ='[29]GABM_R03_SudipaAPI-data'!$J119/'[29]GABM_R03_SudipaAPI-data'!$L119 -> 0.5952 | K120: 1 | L120: =AVERAGE(B120:K120) -> 0.8898
A121: 118 | B121: 1 | C121: 1 | D121: 1 | E121: 1 | F121: 1 | G121: ='[26]GABM_R03_SarahAPI-data'!$J120/'[26]GABM_R03_SarahAPI-data'!$L120 -> 0.63 | H121: 1 | I121: 1 | J121: ='[29]GABM_R03_SudipaAPI-data'!$J120/'[29]GABM_R03_SudipaAPI-data'!$L120 -> 0.5128 | K121: 1 | L121: =AVERAGE(B121:K121) -> 0.91428
A122: 119 | B122: 1 | C122: 1 | D122: 1 | E122: 1 | F122: 1 | G122: ='[26]GABM_R03_SarahAPI-data'!$J121/'[26]GABM_R03_SarahAPI-data'!$L121 -> 0.6452 | H122: 1 | I122: 1 | J122: ='[29]GABM_R03_SudipaAPI-data'!$J121/'[29]GABM_R03_SudipaAPI-data'!$L121 -> 0.5924 | K122: 1 | L122: =AVERAGE(B122:K122) -> 0.92376
A123: 120 | B123: 1 | C123: 1 | D123: 1 | E123: 1 | F123: 1 | G123: ='[26]GABM_R03_SarahAPI-data'!$J122/'[26]GABM_R03_SarahAPI-data'!$L122 -> 0.6324 | H123: 1 | I123: 1 | J123: ='[29]GABM_R03_SudipaAPI-data'!$J122/'[29]GABM_R03_SudipaAPI-data'!$L122 -> 0.5924 | K123: 1 | L123: =AVERAGE(B123:K123) -> 0.92248
A124: 121 | B124: 1 | C124: 1 | D124: 1 | E124: 1 | F124: 1 | G124: ='[26]GABM_R03_SarahAPI-data'!$J123/'[26]GABM_R03_SarahAPI-data'!$L123 -> 0.6296 | H124: 1 | I124: 1 | J124: ='[29]GABM_R03_SudipaAPI-data'!$J123/'[29]GABM_R03_SudipaAPI-data'!$L123 -> 0.6072 | K124: 1 | L124: =AVERAGE(B124:K124) -> 0.92368
A125: 122 | B125: 1 | C125: 1 | D125: 1 | E125: 1 | F125: 1 | G125: ='[26]GABM_R03_SarahAPI-data'!$J124/'[26]GABM_R03_SarahAPI-data'!$L124 -> 0.988 | H125: 1 | I125: 1 | J125: ='[29]GABM_R03_SudipaAPI-data'!$J124/'[29]GABM_R03_SudipaAPI-data'!$L124 -> 0.6136 | K125: 1 | L125: =AVERAGE(B125:K125) -> 0.96016
A126: 123 | B126: 1 | C126: 1 | D126: 1 | E126: 1 | F126: 1 | G126: ='[26]GABM_R03_SarahAPI-data'!$J125/'[26]GABM_R03_SarahAPI-data'!$L125 -> 0.9964 | H126: 1 | I126: 1 | J126: ='[29]GABM_R03_SudipaAPI-data'!$J125/'[29]GABM_R03_SudipaAPI-data'!$L125 -> 0.5792 | K126: 1 | L126: =AVERAGE(B126:K126) -> 0.95756
A127: 124 | B127: 1 | C127: 1 | D127: 1 | E127: 1 | F127: 1 | G127: 1 | H127: 1 | I127: 1 | J127: ='[29]GABM_R03_SudipaAPI-data'!$J126/'[29]GABM_R03_SudipaAPI-data'!$L126 -> 0.6188 | K127: 1 | L127: =AVERAGE(B127:K127) -> 0.96188
A128: 125 | B128: 1 | C128: 1 | D128: 1 | E128: 1 | F128: 1 | G128: 1 | H128: 1 | I128: 1 | J128: ='[29]GABM_R03_SudipaAPI-data'!$J127/'[29]GABM_R03_SudipaAPI-data'!$L127 -> 0.6508 | K128: 1 | L128: =AVERAGE(B128:K128) -> 0.96508
A129: 126 | B129: 1 | C129: 1 | D129: 1 | E129: 1 | F129: 1 | G129: 1 | H129: 1 | I129: 1 | J129: ='[29]GABM_R03_SudipaAPI-data'!$J128/'[29]GABM_R03_SudipaAPI-data'!$L128 -> 0.576 | K129: 1 | L129: =AVERAGE(B129:K129) -> 0.9576
A130: 127 | B130: 1 | C130: 1 | D130: 1 | E130: 1 | F130: 1 | G130: 1 | H130: 1 | I130: 1 | J130: ='[29]GABM_R03_SudipaAPI-data'!$J129/'[29]GABM_R03_SudipaAPI-data'!$L129 -> 0.3084 | K130: 1 | L130: =AVERAGE(B130:K130) -> 0.93084
A131: 128 | B131: 1 | C131: 1 | D131: 1 | E131: 1 | F131: 1 | G131: 1 | H131: 1 | I131: 1 | J131: ='[29]GABM_R03_SudipaAPI-data'!$J130/'[29]GABM_R03_SudipaAPI-data'!$L130 -> 0.5736 | K131: 1 | L131: =AVERAGE(B131:K131) -> 0.95736
A132: 129 | B132: 1 | C132: 1 | D132: 1 | E132: 1 | F132: 1 | G132: 1 | H132: 1 | I132: 1 | J132: ='[29]GABM_R03_SudipaAPI-data'!$J131/'[29]GABM_R03_SudipaAPI-data'!$L131 -> 0.61 | K132: 1 | L132: =AVERAGE(B132:K132) -> 0.961
A133: 130 | B133: 1 | C133: 1 | D133: 1 | E133: 1 | F133: 1 | G133: 1 | H133: 1 | I133: 1 | J133: ='[29]GABM_R03_SudipaAPI-data'!$J132/'[29]GABM_R03_SudipaAPI-data'!$L132 -> 0.9848 | K133: 1 | L133: =AVERAGE(B133:K133) -> 0.99848
A134: 131 | B134: 1 | C134: 1 | D134: 1 | E134: 1 | F134: 1 | G134: 1 | H134: 1 | I134: 1 | J134: ='[29]GABM_R03_SudipaAPI-data'!$J133/'[29]GABM_R03_SudipaAPI-data'!$L133 -> 0.9924 | K134: 1 | L134: =AVERAGE(B134:K134) -> 0.99924
A135: 132 | B135: 1 | C135: 1 | D135: 1 | E135: 1 | F135: 1 | G135: 1 | H135: 1 | I135: 1 | J135: ='[29]GABM_R03_SudipaAPI-data'!$J134/'[29]GABM_R03_SudipaAPI-data'!$L134 -> 0.9936 | K135: 1 | L135: =AVERAGE(B135:K135) -> 0.99936
A136: 133 | B136: 1 | C136: 1 | D136: 1 | E136: 1 | F136: 1 | G136: 1 | H136: 1 | I136: 1 | J136: ='[29]GABM_R03_SudipaAPI-data'!$J135/'[29]GABM_R03_SudipaAPI-data'!$L135 -> 0.9944 | K136: 1 | L136: =AVERAGE(B136:K136) -> 0.99944
A137: 134 | B137: 1 | C137: 1 | D137: 1 | E137: 1 | F137: 1 | G137: 1 | H137: 1 | I137: 1 | J137: ='[29]GABM_R03_SudipaAPI-data'!$J136/'[29]GABM_R03_SudipaAPI-data'!$L136 -> 0.9908 | K137: 1 | L137: =AVERAGE(B137:K137) -> 0.99908
A138: 135 | B138: 1 | C138: 1 | D138: 1 | E138: 1 | F138: 1 | G138: 1 | H138: 1 | I138: 1 | J138: ='[29]GABM_R03_SudipaAPI-data'!$J137/'[29]GABM_R03_SudipaAPI-data'!$L137 -> 0.6176 | K138: 1 | L138: =AVERAGE(B138:K138) -> 0.96176
... A200: 197 | B200: 1 | C200: 1 | D200: 1 | E200: 1 | F200: 1 | G200: 1 | H200: 1 | I200: 1 | J200: ='[29]GABM_R03_SudipaAPI-data'!$J199/'[29]GABM_R03_SudipaAPI-data'!$L199 -> 0.9928 | K200: 1 | L200: =AVERAGE(B200:K200) -> 0.99928

Sheet # Out NF
A1: # Out per timestep | N1: Mobility Calculated for people going out
A2: Time Step | B2: Run 1 | C2: Run 2 | D2: Run 3 | E2: Run 4 | F2: Run 5 | G2: Run 6 | H2: Run 7 | I2: Run 8 | J2: Run 9 | K2: Run 10 | L2: Average | N2: =A2 -> Time Step | O2: =B2 -> Run 1 | P2: =C2 -> Run 2 | Q2: =D2 -> Run 3 | R2: =E2 -> Run 4 | S2: =F2 -> Run 5 | T2: =G2 -> Run 6 | U2: =H2 -> Run 7 | ... Y2: =L2 -> Average
A3: 0 | B3: ='[1]GABM_R03_Terry_no_fb-data'!$G2 -> 1000 | C3: ='[2]GABM_R03_MitchellAPI_no_fb-data'!$G2 -> 1000 | D3: ='[3]GABM_R03_NavidAPI_no_fb-data'!$G2 -> 1000 | E3: ='[4]GABM_R03_RandiAPI_no_fb_runtwo-'!$G2 -> 1000 | F3: ='[5]GABM_R03_SudipaAPI_no_fb-data'!$G2 -> 1000 | G3: ='[6]GABM_R03_NavidAPI_no_fb_runtwo-'!$G2 -> 1000 | H3: ='[7]GABM_R03_savannah_no_fb-data'!$G2 -> 1000 | I3: ='[8]GABM_R03_Terry_no_fb_run_two-da'!$G2 -> 1000 | J3: =[9]GABM_R03_MitchellAPI_no_fb_runt!$G2 -> 1000 | K3: ='[10]R03_GABM_NiyoushaAPI_no_fb-data'!$G2 -> 1000 | L3: =AVERAGE(B3:K3) -> 1000 | N3: =A3 -> 0 | O3: =B3/1000 -> 1 | P3: =C3/1000 -> 1 | Q3: =D3/1000 -> 1 | R3: =E3/1000 -> 1 | S3: =F3/1000 -> 1 | T3: =G3/1000 -> 1 | U3: =H3/1000 -> 1 | V3: =I3/1000 -> 1 | ... Y3: =L3/1000 -> 1
A4: 1 | B4: ='[1]GABM_R03_Terry_no_fb-data'!$G3 -> 1000 | C4: ='[2]GABM_R03_MitchellAPI_no_fb-data'!$G3 -> 1000 | D4: ='[3]GABM_R03_NavidAPI_no_fb-data'!$G3 -> 999 | E4: ='[4]GABM_R03_RandiAPI_no_fb_runtwo-'!$G3 -> 999 | F4: ='[5]GABM_R03_SudipaAPI_no_fb-data'!$G3 -> 999 | G4: ='[6]GABM_R03_NavidAPI_no_fb_runtwo-'!$G3 -> 1000 | H4: ='[7]GABM_R03_savannah_no_fb-data'!$G3 -> 1000 | I4: ='[8]GABM_R03_Terry_no_fb_run_two-da'!$G3 -> 998 | J4: =[9]GABM_R03_MitchellAPI_no_fb_runt!$G3 -> 1000 | K4: ='[10]R03_GABM_NiyoushaAPI_no_fb-data'!$G3 -> 1000 | L4: =AVERAGE(B4:K4) -> 999.5 | N4: =A4 -> 1 | O4: =B4/1000 -> 1 | P4: =C4/1000 -> 1 | Q4: =D4/1000 -> 0.999 | R4: =E4/1000 -> 0.999 | S4: =F4/1000 -> 0.999 | T4: =G4/1000 -> 1 | U4: =H4/1000 -> 1 | V4: =I4/1000 -> 0.998 | ... Y4: =L4/1000 -> 0.9995
A5: 2 | B5: ='[1]GABM_R03_Terry_no_fb-data'!$G4 -> 1000 | C5: ='[2]GABM_R03_MitchellAPI_no_fb-data'!$G4 -> 1000 | D5: ='[3]GABM_R03_NavidAPI_no_fb-data'!$G4 -> 999 | E5: ='[4]GABM_R03_RandiAPI_no_fb_runtwo-'!$G4 -> 999 | F5: ='[5]GABM_R03_SudipaAPI_no_fb-data'!$G4 -> 999 | G5: ='[6]GABM_R03_NavidAPI_no_fb_runtwo-'!$G4 -> 1000 | H5: ='[7]GABM_R03_savannah_no_fb-data'!$G4 -> 1000 | I5: ='[8]GABM_R03_Terry_no_fb_run_two-da'!$G4 -> 998 | J5: =[9]GABM_R03_MitchellAPI_no_fb_runt!$G4 -> 1000 | K5: ='[10]R03_GABM_NiyoushaAPI_no_fb-data'!$G4 -> 1000 | L5: =AVERAGE(B5:K5) -> 999.5 | N5: =A5 -> 2 | O5: =B5/1000 -> 1 | P5: =C5/1000 -> 1 | Q5: =D5/1000 -> 0.999 | R5: =E5/1000 -> 0.999 | S5: =F5/1000 -> 0.999 | T5: =G5/1000 -> 1 | U5: =H5/1000 -> 1 | V5: =I5/1000 -> 0.998 | ... Y5: =L5/1000 -> 0.9995
A6: 3 | B6: ='[1]GABM_R03_Terry_no_fb-data'!$G5 -> 1000 | C6: ='[2]GABM_R03_MitchellAPI_no_fb-data'!$G5 -> 1000 | D6: ='[3]GABM_R03_NavidAPI_no_fb-data'!$G5 -> 999 | E6: ='[4]GABM_R03_RandiAPI_no_fb_runtwo-'!$G5 -> 999 | F6: ='[5]GABM_R03_SudipaAPI_no_fb-data'!$G5 -> 999 | G6: ='[6]GABM_R03_NavidAPI_no_fb_runtwo-'!$G5 -> 1000 | H6: ='[7]GABM_R03_savannah_no_fb-data'!$G5 -> 1000 | I6: ='[8]GABM_R03_Terry_no_fb_run_two-da'!$G5 -> 997 | J6: =[9]GABM_R03_MitchellAPI_no_fb_runt!$G5 -> 1000 | K6: ='[10]R03_GABM_NiyoushaAPI_no_fb-data'!$G5 -> 1000 | L6: =AVERAGE(B6:K6) -> 999.4 | N6: =A6 -> 3 | O6: =B6/1000 -> 1 | P6: =C6/1000 -> 1 | Q6: =D6/1000 -> 0.999 | R6: =E6/1000 -> 0.999 | S6: =F6/1000 -> 0.999 | T6: =G6/1000 -> 1 | U6: =H6/1000 -> 1 | V6: =I6/1000 -> 0.997 | ... Y6: =L6/1000 -> 0.9994
A7: 4 | B7: ='[1]GABM_R03_Terry_no_fb-data'!$G6 -> 1000 | C7: ='[2]GABM_R03_MitchellAPI_no_fb-data'!$G6 -> 1000 | D7: ='[3]GABM_R03_NavidAPI_no_fb-data'!$G6 -> 999 | E7: ='[4]GABM_R03_RandiAPI_no_fb_runtwo-'!$G6 -> 999 | F7: ='[5]GABM_R03_SudipaAPI_no_fb-data'!$G6 -> 999 | G7: ='[6]GABM_R03_NavidAPI_no_fb_runtwo-'!$G6 -> 1000 | H7: ='[7]GABM_R03_savannah_no_fb-data'!$G6 -> 1000 | I7: ='[8]GABM_R03_Terry_no_fb_run_two-da'!$G6 -> 998 | J7: =[9]GABM_R03_MitchellAPI_no_fb_runt!$G6 -> 1000 | K7: ='[10]R03_GABM_NiyoushaAPI_no_fb-data'!$G6 -> 999 | L7: =AVERAGE(B7:K7) -> 999.4 | N7: =A7 -> 4 | O7: =B7/1000 -> 1 | P7: =C7/1000 -> 1 | Q7: =D7/1000 -> 0.999 | R7: =E7/1000 -> 0.999 | S7: =F7/1000 -> 0.999 | T7: =G7/1000 -> 1 | U7: =H7/1000 -> 1 | V7: =I7/1000 -> 0.998 | ... Y7: =L7/1000 -> 0.9994
A8: 5 | B8: ='[1]GABM_R03_Terry_no_fb-data'!$G7 -> 1000 | C8: ='[2]GABM_R03_MitchellAPI_no_fb-data'!$G7 -> 1000 | D8: ='[3]GABM_R03_NavidAPI_no_fb-data'!$G7 -> 999 | E8: ='[4]GABM_R03_RandiAPI_no_fb_runtwo-'!$G7 -> 999 | F8: ='[5]GABM_R03_SudipaAPI_no_fb-data'!$G7 -> 999 | G8: ='[6]GABM_R03_NavidAPI_no_fb_runtwo-'!$G7 -> 1000 | H8: ='[7]GABM_R03_savannah_no_fb-data'!$G7 -> 1000 | I8: ='[8]GABM_R03_Terry_no_fb_run_two-da'!$G7 -> 997 | J8: =[9]GABM_R03_MitchellAPI_no_fb_runt!$G7 -> 1000 | K8: ='[10]R03_GABM_NiyoushaAPI_no_fb-data'!$G7 -> 1000 | L8: =AVERAGE(B8:K8) -> 999.4 | N8: =A8 -> 5 | O8: =B8/1000 -> 1 | P8: =C8/1000 -> 1 | Q8: =D8/1000 -> 0.999 | R8: =E8/1000 -> 0.999 | S8: =F8/1000 -> 0.999 | T8: =G8/1000 -> 1 | U8: =H8/1000 -> 1 | V8: =I8/1000 -> 0.997 | ... Y8: =L8/1000 -> 0.9994
A9: 6 | B9: ='[1]GABM_R03_Terry_no_fb-data'!$G8 -> 1000 | C9: ='[2]GABM_R03_MitchellAPI_no_fb-data'!$G8 -> 1000 | D9: ='[3]GABM_R03_NavidAPI_no_fb-data'!$G8 -> 999 | E9: ='[4]GABM_R03_RandiAPI_no_fb_runtwo-'!$G8 -> 999 | F9: ='[5]GABM_R03_SudipaAPI_no_fb-data'!$G8 -> 999 | G9: ='[6]GABM_R03_NavidAPI_no_fb_runtwo-'!$G8 -> 1000 | H9: ='[7]GABM_R03_savannah_no_fb-data'!$G8 -> 1000 | I9: ='[8]GABM_R03_Terry_no_fb_run_two-da'!$G8 -> 998 | J9: =[9]GABM_R03_MitchellAPI_no_fb_runt!$G8 -> 1000 | K9: ='[10]R03_GABM_NiyoushaAPI_no_fb-data'!$G8 -> 1000 | L9: =AVERAGE(B9:K9) -> 999.5 | N9: =A9 -> 6 | O9: =B9/1000 -> 1 | P9: =C9/1000 -> 1 | Q9: =D9/1000 -> 0.999 | R9: =E9/1000 -> 0.999 | S9: =F9/1000 -> 0.999 | T9: =G9/1000 -> 1 | U9: =H9/1000 -> 1 | V9: =I9/1000 -> 0.998 | ... Y9: =L9/1000 -> 0.9995
A10: 7 | B10: ='[1]GABM_R03_Terry_no_fb-data'!$G9 -> 1000 | C10: ='[2]GABM_R03_MitchellAPI_no_fb-data'!$G9 -> 1000 | D10: ='[3]GABM_R03_NavidAPI_no_fb-data'!$G9 -> 999 | E10: ='[4]GABM_R03_RandiAPI_no_fb_runtwo-'!$G9 -> 999 | F10: ='[5]GABM_R03_SudipaAPI_no_fb-data'!$G9 -> 999 | G10: ='[6]GABM_R03_NavidAPI_no_fb_runtwo-'!$G9 -> 1000 | H10: ='[7]GABM_R03_savannah_no_fb-data'!$G9 -> 1000 | I10: ='[8]GABM_R03_Terry_no_fb_run_two-da'!$G9 -> 998 | J10: =[9]GABM_R03_MitchellAPI_no_fb_runt!$G9 -> 1000 | K10: ='[10]R03_GABM_NiyoushaAPI_no_fb-data'!$G9 -> 1000 | L10: =AVERAGE(B10:K10) -> 999.5 | N10: =A10 -> 7 | O10: =B10/1000 -> 1 | P10: =C10/1000 -> 1 | Q10: =D10/1000 -> 0.999 | R10: =E10/1000 -> 0.999 | S10: =F10/1000 -> 0.999 | T10: =G10/1000 -> 1 | U10: =H10/1000 -> 1 | V10: =I10/1000 -> 0.998 | ... Y10: =L10/1000 -> 0.9995
A11: 8 | B11: ='[1]GABM_R03_Terry_no_fb-data'!$G10 -> 1000 | C11: ='[2]GABM_R03_MitchellAPI_no_fb-data'!$G10 -> 1000 | D11: ='[3]GABM_R03_NavidAPI_no_fb-data'!$G10 -> 999 | E11: ='[4]GABM_R03_RandiAPI_no_fb_runtwo-'!$G10 -> 999 | F11: ='[5]GABM_R03_SudipaAPI_no_fb-data'!$G10 -> 999 | G11: ='[6]GABM_R03_NavidAPI_no_fb_runtwo-'!$G10 -> 1000 | H11: ='[7]GABM_R03_savannah_no_fb-data'!$G10 -> 1000 | I11: ='[8]GABM_R03_Terry_no_fb_run_two-da'!$G10 -> 998 | J11: =[9]GABM_R03_MitchellAPI_no_fb_runt!$G10 -> 1000 | K11: ='[10]R03_GABM_NiyoushaAPI_no_fb-data'!$G10 -> 1000 | L11: =AVERAGE(B11:K11) -> 999.5 | N11: =A11 -> 8 | O11: =B11/1000 -> 1 | P11: =C11/1000 -> 1 | Q11: =D11/1000 -> 0.999 | R11: =E11/1000 -> 0.999 | S11: =F11/1000 -> 0.999 | T11: =G11/1000 -> 1 | U11: =H11/1000 -> 1 | V11: =I11/1000 -> 0.998 | ... Y11: =L11/1000 -> 0.9995
A12: 9 | B12: ='[1]GABM_R03_Terry_no_fb-data'!$G11 -> 1000 | C12: ='[2]GABM_R03_MitchellAPI_no_fb-data'!$G11 -> 1000 | D12: ='[3]GABM_R03_NavidAPI_no_fb-data'!$G11 -> 999 | E12: ='[4]GABM_R03_RandiAPI_no_fb_runtwo-'!$G11 -> 999 | F12: ='[5]GABM_R03_SudipaAPI_no_fb-data'!$G11 -> 999 | G12: ='[6]GABM_R03_NavidAPI_no_fb_runtwo-'!$G11 -> 1000 | H12: ='[7]GABM_R03_savannah_no_fb-data'!$G11 -> 1000 | I12: ='[8]GABM_R03_Terry_no_fb_run_two-da'!$G11 -> 998 | J12: =[9]GABM_R03_MitchellAPI_no_fb_runt!$G11 -> 1000 | K12: ='[10]R03_GABM_NiyoushaAPI_no_fb-data'!$G11 -> 999 | L12: =AVERAGE(B12:K12) -> 999.4 | N12: =A12 -> 9 | O12: =B12/1000 -> 1 | P12: =C12/1000 -> 1 | Q12: =D12/1000 -> 0.999 | R12: =E12/1000 -> 0.999 | S12: =F12/1000 -> 0.999 | T12: =G12/1000 -> 1 | U12: =H12/1000 -> 1 | V12: =I12/1000 -> 0.998 | ... Y12: =L12/1000 -> 0.9994
A13: 10 | B13: ='[1]GABM_R03_Terry_no_fb-data'!$G12 -> 1000 | C13: ='[2]GABM_R03_MitchellAPI_no_fb-data'!$G12 -> 1000 | D13: ='[3]GABM_R03_NavidAPI_no_fb-data'!$G12 -> 999 | E13: ='[4]GABM_R03_RandiAPI_no_fb_runtwo-'!$G12 -> 999 | F13: ='[5]GABM_R03_SudipaAPI_no_fb-data'!$G12 -> 998 | G13: ='[6]GABM_R03_NavidAPI_no_fb_runtwo-'!$G12 -> 1000 | H13: ='[7]GABM_R03_savannah_no_fb-data'!$G12 -> 1000 | I13: ='[8]GABM_R03_Terry_no_fb_run_two-da'!$G12 -> 998 | J13: =[9]GABM_R03_MitchellAPI_no_fb_runt!$G12 -> 1000 | K13: ='[10]R03_GABM_NiyoushaAPI_no_fb-data'!$G12 -> 1000 | L13: =AVERAGE(B13:K13) -> 999.4 | N13: =A13 -> 10 | O13: =B13/1000 -> 1 | P13: =C13/1000 -> 1 | Q13: =D13/1000 -> 0.999 | R13: =E13/1000 -> 0.999 | S13: =F13/1000 -> 0.998 | T13: =G13/1000 -> 1 | U13: =H13/1000 -> 1 | V13: =I13/1000 -> 0.998 | ... Y13: =L13/1000 -> 0.9994
A14: 11 | B14: ='[1]GABM_R03_Terry_no_fb-data'!$G13 -> 1000 | C14: ='[2]GABM_R03_MitchellAPI_no_fb-data'!$G13 -> 1000 | D14: ='[3]GABM_R03_NavidAPI_no_fb-data'!$G13 -> 999 | E14: ='[4]GABM_R03_RandiAPI_no_fb_runtwo-'!$G13 -> 999 | F14: ='[5]GABM_R03_SudipaAPI_no_fb-data'!$G13 -> 999 | G14: ='[6]GABM_R03_NavidAPI_no_fb_runtwo-'!$G13 -> 1000 | H14: ='[7]GABM_R03_savannah_no_fb-data'!$G13 -> 1000 | I14: ='[8]GABM_R03_Terry_no_fb_run_two-da'!$G13 -> 998 | J14: =[9]GABM_R03_MitchellAPI_no_fb_runt!$G13 -> 1000 | K14: ='[10]R03_GABM_NiyoushaAPI_no_fb-data'!$G13 -> 1000 | L14: =AVERAGE(B14:K14) -> 999.5 | N14: =A14 -> 11 | O14: =B14/1000 -> 1 | P14: =C14/1000 -> 1 | Q14: =D14/1000 -> 0.999 | R14: =E14/1000 -> 0.999 | S14: =F14/1000 -> 0.999 | T14: =G14/1000 -> 1 | U14: =H14/1000 -> 1 | V14: =I14/1000 -> 0.998 | ... Y14: =L14/1000 -> 0.9995
... A25: 22 | B25: ='[1]GABM_R03_Terry_no_fb-data'!$G24 -> 1000 | C25: ='[2]GABM_R03_MitchellAPI_no_fb-data'!$G24 -> 1000 | D25: ='[3]GABM_R03_NavidAPI_no_fb-data'!$G24 -> 999 | E25: ='[4]GABM_R03_RandiAPI_no_fb_runtwo-'!$G24 -> 999 | F25: ='[5]GABM_R03_SudipaAPI_no_fb-data'!$G24 -> 998 | G25: ='[6]GABM_R03_NavidAPI_no_fb_runtwo-'!$G24 -> 1000 | H25: ='[7]GABM_R03_savannah_no_fb-data'!$G24 -> 1000 | I25: ='[8]GABM_R03_Terry_no_fb_run_two-da'!$G24 -> 998 | J25: =[9]GABM_R03_MitchellAPI_no_fb_runt!$G24 -> 1000 | K25: ='[10]R03_GABM_NiyoushaAPI_no_fb-data'!$G24 -> 1000 | L25: =AVERAGE(B25:K25) -> 999.4 | N25: =A25 -> 22 | O25: =B25/1000 -> 1 | P25: =C25/1000 -> 1 | Q25: =D25/1000 -> 0.999 | R25: =E25/1000 -> 0.999 | S25: =F25/1000 -> 0.998 | T25: =G25/1000 -> 1 | U25: =H25/1000 -> 1 | V25: =I25/1000 -> 0.998 | ... Y25: =L25/1000 -> 0.9994
A26: 23 | B26: 1000 | C26: ='[2]GABM_R03_MitchellAPI_no_fb-data'!$G25 -> 1000 | D26: ='[3]GABM_R03_NavidAPI_no_fb-data'!$G25 -> 999 | E26: ='[4]GABM_R03_RandiAPI_no_fb_runtwo-'!$G25 -> 999 | F26: ='[5]GABM_R03_SudipaAPI_no_fb-data'!$G25 -> 998 | G26: ='[6]GABM_R03_NavidAPI_no_fb_runtwo-'!$G25 -> 1000 | H26: ='[7]GABM_R03_savannah_no_fb-data'!$G25 -> 1000 | I26: ='[8]GABM_R03_Terry_no_fb_run_two-da'!$G25 -> 998 | J26: =[9]GABM_R03_MitchellAPI_no_fb_runt!$G25 -> 1000 | K26: 1000 | L26: =AVERAGE(B26:K26) -> 999.4 | N26: =A26 -> 23 | O26: =B26/1000 -> 1 | P26: =C26/1000 -> 1 | Q26: =D26/1000 -> 0.999 | R26: =E26/1000 -> 0.999 | S26: =F26/1000 -> 0.998 | T26: =G26/1000 -> 1 | U26: =H26/1000 -> 1 | V26: =I26/1000 -> 0.998 | ... Y26: =L26/1000 -> 0.9994
A27: 24 | B27: 1000 | C27: ='[2]GABM_R03_MitchellAPI_no_fb-data'!$G26 -> 1000 | D27: ='[3]GABM_R03_NavidAPI_no_fb-data'!$G26 -> 999 | E27: 1000 | F27: ='[5]GABM_R03_SudipaAPI_no_fb-data'!$G26 -> 998 | G27: 1000 | H27: ='[7]GABM_R03_savannah_no_fb-data'!$G26 -> 1000 | I27: ='[8]GABM_R03_Terry_no_fb_run_two-da'!$G26 -> 998 | J27: =[9]GABM_R03_MitchellAPI_no_fb_runt!$G26 -> 1000 | K27: 1000 | L27: =AVERAGE(B27:K27) -> 999.5 | N27: =A27 -> 24 | O27: =B27/1000 -> 1 | P27: =C27/1000 -> 1 | Q27: =D27/1000 -> 0.999 | R27: =E27/1000 -> 1 | S27: =F27/1000 -> 0.998 | T27: =G27/1000 -> 1 | U27: =H27/1000 -> 1 | V27: =I27/1000 -> 0.998 | ... Y27: =L27/1000 -> 0.9995
A28: 25 | B28: 1000 | C28: 1000 | D28: ='[3]GABM_R03_NavidAPI_no_fb-data'!$G27 -> 999 | E28: 1000 | F28: ='[5]GABM_R03_SudipaAPI_no_fb-data'!$G27 -> 998 | G28: 1000 | H28: ='[7]GABM_R03_savannah_no_fb-data'!$G27 -> 1000 | I28: ='[8]GABM_R03_Terry_no_fb_run_two-da'!$G27 -> 998 | J28: 1000 | K28: 1000 | L28: =AVERAGE(B28:K28) -> 999.5 | N28: =A28 -> 25 | O28: =B28/1000 -> 1 | P28: =C28/1000 -> 1 | Q28: =D28/1000 -> 0.999 | R28: =E28/1000 -> 1 | S28: =F28/1000 -> 0.998 | T28: =G28/1000 -> 1 | U28: =H28/1000 -> 1 | V28: =I28/1000 -> 0.998 | ... Y28: =L28/1000 -> 0.9995
A29: 26 | B29: 1000 | C29: 1000 | D29: 1000 | E29: 1000 | F29: ='[5]GABM_R03_SudipaAPI_no_fb-data'!$G28 -> 1000 | G29: 1000 | H29: 1000 | I29: 1000 | J29: 1000 | K29: 1000 | L29: =AVERAGE(B29:K29) -> 1000 | N29: =A29 -> 26 | O29: =B29/1000 -> 1 | P29: =C29/1000 -> 1 | Q29: =D29/1000 -> 1 | R29: =E29/1000 -> 1 | S29: =F29/1000 -> 1 | T29: =G29/1000 -> 1 | U29: =H29/1000 -> 1 | V29: =I29/1000 -> 1 | ... Y29: =L29/1000 -> 1
N31: Average for 25ts | O31: =AVERAGE(O4:O28) -> 1 | P31: =AVERAGE(P4:P28) -> 1 | Q31: =AVERAGE(Q4:Q28) -> 0.999 | R31: =AVERAGE(R4:R28) -> 0.99904 | S31: =AVERAGE(S4:S28) -> 0.99872 | T31: =AVERAGE(T4:T28) -> 1 | U31: =AVERAGE(U4:U28) -> 1 | V31: =AVERAGE(V4:V28) -> 0.99796 | ... X31: =AVERAGE(X4:X28) -> 0.99984
C32: 270 | D32: 21
D33: =C32-D32 -> 249 | N33: Average of Average for 25ts | O33: =AVERAGE(O31:X31) -> 0.999456
B34: Average #ts | D34: =D33/10 -> 24.9 | N34: Min run | O34: =MIN(O31:X31) -> 0.99796
N35: Max run | O35: =MAX(O31:X31) -> 1
A37: TS | B37: =23-1 -> 22 | C37: =25-1 -> 24 | D37: 25 | E37: 23 | F37: 26 | G37: 23 | H37: 25 | I37: 25 | J37: 24 | K37: 22
N38: Median of Average | O38: =MEDIAN(O31:X31) -> 0.99992
A39: Median | N39: Low 10% | O39: =S31 -> 0.99872
A40: 0.1 | N40: Top 10% | O40: =O31 -> 1
A41: 90%'

Sheet # Out SF
A1: # Out per timestep | N1: # Out per timestep
A2: Time Step | B2: Run 1 | C2: Run 2 | D2: Run 3 | E2: Run 4 | F2: Run 5 | G2: Run 6 | H2: Run 7 | I2: Run 8 | J2: Run 9 | K2: Run 10 | L2: Average | N2: =A2 -> Time Step | O2: =B2 -> Run 1 | P2: =C2 -> Run 2 | Q2: =D2 -> Run 3 | R2: =E2 -> Run 4 | S2: =F2 -> Run 5 | T2: =G2 -> Run 6 | U2: =H2 -> Run 7 | ... Y2: =L2 -> Average
A3: 0 | B3: ='[11]GABM_R03_NavidAPI_sf_fb-data'!$G2 -> 1000 | C3: ='[12]GABM_R03_savannah_sf_fb-data'!$G2 -> 1000 | D3: ='[13]GABM_R03_MitchellAPI_sf_fb-data'!$G2 -> 1000 | E3: ='[14]GABM_R03_RandiAPI_sf_fb-data'!$G2 -> 1000 | F3: ='[15]GABM_R03_Terry_sf_fb-data'!$G2 -> 1000 | G3: ='[16]R03_GABM_NiyoushaAPI_sf_fb-data'!$G2 -> 1000 | H3: ='[17]GABM_R03_SudipaAPI_sf_fb-data'!$G2 -> 1000 | I3: ='[18]GABM_R03_Terry_sf_fb_2-data'!$G2 -> 1000 | J3: ='[19]GABM_R03_NavidAPI_sf_fb_2-data'!$G2 -> 1000 | K3: ='[20]R03_GABM_NiyoushaAPI_sf_fb_2-da'!$G2 -> 1000 | L3: =AVERAGE(B3:K3) -> 1000 | N3: =A3 -> 0 | O3: =B3/1000 -> 1 | P3: =C3/1000 -> 1 | Q3: =D3/1000 -> 1 | R3: =E3/1000 -> 1 | S3: =F3/1000 -> 1 | T3: =G3/1000 -> 1 | U3: =H3/1000 -> 1 | V3: =I3/1000 -> 1 | ... Y3: =L3/1000 -> 1
A4: 1 | B4: ='[11]GABM_R03_NavidAPI_sf_fb-data'!$G3 -> 1000 | C4: ='[12]GABM_R03_savannah_sf_fb-data'!$G3 -> 1000 | D4: ='[13]GABM_R03_MitchellAPI_sf_fb-data'!$G3 -> 1000 | E4: ='[14]GABM_R03_RandiAPI_sf_fb-data'!$G3 -> 1000 | F4: ='[15]GABM_R03_Terry_sf_fb-data'!$G3 -> 1000 | G4: ='[16]R03_GABM_NiyoushaAPI_sf_fb-data'!$G3 -> 1000 | H4: ='[17]GABM_R03_SudipaAPI_sf_fb-data'!$G3 -> 1000 | I4: ='[18]GABM_R03_Terry_sf_fb_2-data'!$G3 -> 1000 | J4: ='[19]GABM_R03_NavidAPI_sf_fb_2-data'!$G3 -> 1000 | K4: ='[20]R03_GABM_NiyoushaAPI_sf_fb_2-da'!$G3 -> 1000 | L4: =AVERAGE(B4:K4) -> 1000 | N4: =A4 -> 1 | O4: =B4/1000 -> 1 | P4: =C4/1000 -> 1 | Q4: =D4/1000 -> 1 | R4: =E4/1000 -> 1 | S4: =F4/1000 -> 1 | T4: =G4/1000 -> 1 | U4: =H4/1000 -> 1 | V4: =I4/1000 -> 1 | ... Y4: =L4/1000 -> 1
A5: 2 | B5: ='[11]GABM_R03_NavidAPI_sf_fb-data'!$G4 -> 1000 | C5: ='[12]GABM_R03_savannah_sf_fb-data'!$G4 -> 1000 | D5: ='[13]GABM_R03_MitchellAPI_sf_fb-data'!$G4 -> 1000 | E5: ='[14]GABM_R03_RandiAPI_sf_fb-data'!$G4 -> 1000 | F5: ='[15]GABM_R03_Terry_sf_fb-data'!$G4 -> 1000 | G5: ='[16]R03_GABM_NiyoushaAPI_sf_fb-data'!$G4 -> 1000 | H5: ='[17]GABM_R03_SudipaAPI_sf_fb-data'!$G4 -> 1000 | I5: ='[18]GABM_R03_Terry_sf_fb_2-data'!$G4 -> 1000 | J5: ='[19]GABM_R03_NavidAPI_sf_fb_2-data'!$G4 -> 1000 | K5: ='[20]R03_GABM_NiyoushaAPI_sf_fb_2-da'!$G4 -> 1000 | L5: =AVERAGE(B5:K5) -> 1000 | N5: =A5 -> 2 | O5: =B5/1000 -> 1 | P5: =C5/1000 -> 1 | Q5: =D5/1000 -> 1 | R5: =E5/1000 -> 1 | S5: =F5/1000 -> 1 | T5: =G5/1000 -> 1 | U5: =H5/1000 -> 1 | V5: =I5/1000 -> 1 | ... Y5: =L5/1000 -> 1
A6: 3 | B6: ='[11]GABM_R03_NavidAPI_sf_fb-data'!$G5 -> 998 | C6: ='[12]GABM_R03_savannah_sf_fb-data'!$G5 -> 998 | D6: ='[13]GABM_R03_MitchellAPI_sf_fb-data'!$G5 -> 998 | E6: ='[14]GABM_R03_RandiAPI_sf_fb-data'!$G5 -> 998 | F6: ='[15]GABM_R03_Terry_sf_fb-data'!$G5 -> 998 | G6: ='[16]R03_GABM_NiyoushaAPI_sf_fb-data'!$G5 -> 998 | H6: ='[17]GABM_R03_SudipaAPI_sf_fb-data'!$G5 -> 998 | I6: ='[18]GABM_R03_Terry_sf_fb_2-data'!$G5 -> 998 | J6: ='[19]GABM_R03_NavidAPI_sf_fb_2-data'!$G5 -> 998 | K6: ='[20]R03_GABM_NiyoushaAPI_sf_fb_2-da'!$G5 -> 998 | L6: =AVERAGE(B6:K6) -> 998 | N6: =A6 -> 3 | O6: =B6/1000 -> 0.998 | P6: =C6/1000 -> 0.998 | Q6: =D6/1000 -> 0.998 | R6: =E6/1000 -> 0.998 | S6: =F6/1000 -> 0.998 | T6: =G6/1000 -> 0.998 | U6: =H6/1000 -> 0.998 | V6: =I6/1000 -> 0.998 | ... Y6: =L6/1000 -> 0.998
A7: 4 | B7: ='[11]GABM_R03_NavidAPI_sf_fb-data'!$G6 -> 994 | C7: ='[12]GABM_R03_savannah_sf_fb-data'!$G6 -> 996 | D7: ='[13]GABM_R03_MitchellAPI_sf_fb-data'!$G6 -> 996 | E7: ='[14]GABM_R03_RandiAPI_sf_fb-data'!$G6 -> 998 | F7: ='[15]GABM_R03_Terry_sf_fb-data'!$G6 -> 995 | G7: ='[16]R03_GABM_NiyoushaAPI_sf_fb-data'!$G6 -> 996 | H7: ='[17]GABM_R03_SudipaAPI_sf_fb-data'!$G6 -> 997 | I7: ='[18]GABM_R03_Terry_sf_fb_2-data'!$G6 -> 994 | J7: ='[19]GABM_R03_NavidAPI_sf_fb_2-data'!$G6 -> 996 | K7: ='[20]R03_GABM_NiyoushaAPI_sf_fb_2-da'!$G6 -> 998 | L7: =AVERAGE(B7:K7) -> 996 | N7: =A7 -> 4 | O7: =B7/1000 -> 0.994 | P7: =C7/1000 -> 0.996 | Q7: =D7/1000 -> 0.996 | R7: =E7/1000 -> 0.998 | S7: =F7/1000 -> 0.995 | T7: =G7/1000 -> 0.996 | U7: =H7/1000 -> 0.997 | V7: =I7/1000 -> 0.994 | ... Y7: =L7/1000 -> 0.996
A8: 5 | B8: ='[11]GABM_R03_NavidAPI_sf_fb-data'!$G7 -> 990 | C8: ='[12]GABM_R03_savannah_sf_fb-data'!$G7 -> 988 | D8: ='[13]GABM_R03_MitchellAPI_sf_fb-data'!$G7 -> 993 | E8: ='[14]GABM_R03_RandiAPI_sf_fb-data'!$G7 -> 998 | F8: ='[15]GABM_R03_Terry_sf_fb-data'!$G7 -> 989 | G8: ='[16]R03_GABM_NiyoushaAPI_sf_fb-data'!$G7 -> 991 | H8: ='[17]GABM_R03_SudipaAPI_sf_fb-data'!$G7 -> 994 | I8: ='[18]GABM_R03_Terry_sf_fb_2-data'!$G7 -> 989 | J8: ='[19]GABM_R03_NavidAPI_sf_fb_2-data'!$G7 -> 989 | K8: ='[20]R03_GABM_NiyoushaAPI_sf_fb_2-da'!$G7 -> 994 | L8: =AVERAGE(B8:K8) -> 991.5 | N8: =A8 -> 5 | O8: =B8/1000 -> 0.99 | P8: =C8/1000 -> 0.988 | Q8: =D8/1000 -> 0.993 | R8: =E8/1000 -> 0.998 | S8: =F8/1000 -> 0.989 | T8: =G8/1000 -> 0.991 | U8: =H8/1000 -> 0.994 | V8: =I8/1000 -> 0.989 | ... Y8: =L8/1000 -> 0.9915
A9: 6 | B9: ='[11]GABM_R03_NavidAPI_sf_fb-data'!$G8 -> 979 | C9: ='[12]GABM_R03_savannah_sf_fb-data'!$G8 -> 983 | D9: ='[13]GABM_R03_MitchellAPI_sf_fb-data'!$G8 -> 989 | E9: ='[14]GABM_R03_RandiAPI_sf_fb-data'!$G8 -> 998 | F9: ='[15]GABM_R03_Terry_sf_fb-data'!$G8 -> 982 | G9: ='[16]R03_GABM_NiyoushaAPI_sf_fb-data'!$G8 -> 980 | H9: ='[17]GABM_R03_SudipaAPI_sf_fb-data'!$G8 -> 987 | I9: ='[18]GABM_R03_Terry_sf_fb_2-data'!$G8 -> 978 | J9: ='[19]GABM_R03_NavidAPI_sf_fb_2-data'!$G8 -> 983 | K9: ='[20]R03_GABM_NiyoushaAPI_sf_fb_2-da'!$G8 -> 991 | L9: =AVERAGE(B9:K9) -> 985 | N9: =A9 -> 6 | O9: =B9/1000 -> 0.979 | P9: =C9/1000 -> 0.983 | Q9: =D9/1000 -> 0.989 | R9: =E9/1000 -> 0.998 | S9: =F9/1000 -> 0.982 | T9: =G9/1000 -> 0.98 | U9: =H9/1000 -> 0.987 | V9: =I9/1000 -> 0.978 | ... Y9: =L9/1000 -> 0.985
A10: 7 | B10: ='[11]GABM_R03_NavidAPI_sf_fb-data'!$G9 -> 965 | C10: ='[12]GABM_R03_savannah_sf_fb-data'!$G9 -> 976 | D10: ='[13]GABM_R03_MitchellAPI_sf_fb-data'!$G9 -> 983 | E10: 1000 | F10: ='[15]GABM_R03_Terry_sf_fb-data'!$G9 -> 977 | G10: ='[16]R03_GABM_NiyoushaAPI_sf_fb-data'!$G9 -> 972 | H10: ='[17]GABM_R03_SudipaAPI_sf_fb-data'!$G9 -> 982 | I10: ='[18]GABM_R03_Terry_sf_fb_2-data'!$G9 -> 964 | J10: ='[19]GABM_R03_NavidAPI_sf_fb_2-data'!$G9 -> 975 | K10: ='[20]R03_GABM_NiyoushaAPI_sf_fb_2-da'!$G9 -> 988 | L10: =AVERAGE(B10:K10) -> 978.2 | N10: =A10 -> 7 | O10: =B10/1000 -> 0.965 | P10: =C10/1000 -> 0.976 | Q10: =D10/1000 -> 0.983 | R10: =E10/1000 -> 1 | S10: =F10/1000 -> 0.977 | T10: =G10/1000 -> 0.972 | U10: =H10/1000 -> 0.982 | V10: =I10/1000 -> 0.964 | ... Y10: =L10/1000 -> 0.9782
A11: 8 | B11: ='[11]GABM_R03_NavidAPI_sf_fb-data'!$G10 -> 940 | C11: ='[12]GABM_R03_savannah_sf_fb-data'!$G10 -> 964 | D11: ='[13]GABM_R03_MitchellAPI_sf_fb-data'!$G10 -> 975 | E11: 1000 | F11: ='[15]GABM_R03_Terry_sf_fb-data'!$G10 -> 964 | G11: ='[16]R03_GABM_NiyoushaAPI_sf_fb-data'!$G10 -> 957 | H11: ='[17]GABM_R03_SudipaAPI_sf_fb-data'!$G10 -> 969 | I11: ='[18]GABM_R03_Terry_sf_fb_2-data'!$G10 -> 943 | J11: ='[19]GABM_R03_NavidAPI_sf_fb_2-data'!$G10 -> 963 | K11: ='[20]R03_GABM_NiyoushaAPI_sf_fb_2-da'!$G10 -> 980 | L11: =AVERAGE(B11:K11) -> 965.5 | N11: =A11 -> 8 | O11: =B11/1000 -> 0.94 | P11: =C11/1000 -> 0.964 | Q11: =D11/1000 -> 0.975 | R11: =E11/1000 -> 1 | S11: =F11/1000 -> 0.964 | T11: =G11/1000 -> 0.957 | U11: =H11/1000 -> 0.969 | V11: =I11/1000 -> 0.943 | ... Y11: =L11/1000 -> 0.9655
A12: 9 | B12: ='[11]GABM_R03_NavidAPI_sf_fb-data'!$G11 -> 907 | C12: ='[12]GABM_R03_savannah_sf_fb-data'!$G11 -> 957 | D12: ='[13]GABM_R03_MitchellAPI_sf_fb-data'!$G11 -> 958 | E12: 1000 | F12: ='[15]GABM_R03_Terry_sf_fb-data'!$G11 -> 945 | G12: ='[16]R03_GABM_NiyoushaAPI_sf_fb-data'!$G11 -> 936 | H12: ='[17]GABM_R03_SudipaAPI_sf_fb-data'!$G11 -> 949 | I12: ='[18]GABM_R03_Terry_sf_fb_2-data'!$G11 -> 907 | J12: ='[19]GABM_R03_NavidAPI_sf_fb_2-data'!$G11 -> 954 | K12: ='[20]R03_GABM_NiyoushaAPI_sf_fb_2-da'!$G11 -> 972 | L12: =AVERAGE(B12:K12) -> 948.5 | N12: =A12 -> 9 | O12: =B12/1000 -> 0.907 | P12: =C12/1000 -> 0.957 | Q12: =D12/1000 -> 0.958 | R12: =E12/1000 -> 1 | S12: =F12/1000 -> 0.945 | T12: =G12/1000 -> 0.936 | U12: =H12/1000 -> 0.949 | V12: =I12/1000 -> 0.907 | ... Y12: =L12/1000 -> 0.9485
A13: 10 | B13: ='[11]GABM_R03_NavidAPI_sf_fb-data'!$G12 -> 861 | C13: ='[12]GABM_R03_savannah_sf_fb-data'!$G12 -> 934 | D13: ='[13]GABM_R03_MitchellAPI_sf_fb-data'!$G12 -> 943 | E13: 1000 | F13: ='[15]GABM_R03_Terry_sf_fb-data'!$G12 -> 912 | G13: ='[16]R03_GABM_NiyoushaAPI_sf_fb-data'!$G12 -> 898 | H13: ='[17]GABM_R03_SudipaAPI_sf_fb-data'!$G12 -> 917 | I13: ='[18]GABM_R03_Terry_sf_fb_2-data'!$G12 -> 857 | J13: ='[19]GABM_R03_NavidAPI_sf_fb_2-data'!$G12 -> 929 | K13: ='[20]R03_GABM_NiyoushaAPI_sf_fb_2-da'!$G12 -> 962 | L13: =AVERAGE(B13:K13) -> 921.3 | N13: =A13 -> 10 | O13: =B13/1000 -> 0.861 | P13: =C13/1000 -> 0.934 | Q13: =D13/1000 -> 0.943 | R13: =E13/1000 -> 1 | S13: =F13/1000 -> 0.912 | T13: =G13/1000 -> 0.898 | U13: =H13/1000 -> 0.917 | V13: =I13/1000 -> 0.857 | ... Y13: =L13/1000 -> 0.9213
A14: 11 | B14: ='[11]GABM_R03_NavidAPI_sf_fb-data'!$G13 -> 815 | C14: ='[12]GABM_R03_savannah_sf_fb-data'!$G13 -> 907 | D14: ='[13]GABM_R03_MitchellAPI_sf_fb-data'!$G13 -> 919 | E14: 1000 | F14: ='[15]GABM_R03_Terry_sf_fb-data'!$G13 -> 860 | G14: ='[16]R03_GABM_NiyoushaAPI_sf_fb-data'!$G13 -> 853 | H14: ='[17]GABM_R03_SudipaAPI_sf_fb-data'!$G13 -> 878 | I14: ='[18]GABM_R03_Terry_sf_fb_2-data'!$G13 -> 796 | J14: ='[19]GABM_R03_NavidAPI_sf_fb_2-data'!$G13 -> 907 | K14: ='[20]R03_GABM_NiyoushaAPI_sf_fb_2-da'!$G13 -> 942 | L14: =AVERAGE(B14:K14) -> 887.7 | N14: =A14 -> 11 | O14: =B14/1000 -> 0.815 | P14: =C14/1000 -> 0.907 | Q14: =D14/1000 -> 0.919 | R14: =E14/1000 -> 1 | S14: =F14/1000 -> 0.86 | T14: =G14/1000 -> 0.853 | U14: =H14/1000 -> 0.878 | V14: =I14/1000 -> 0.796 | ... Y14: =L14/1000 -> 0.8877
A15: 12 | B15: ='[11]GABM_R03_NavidAPI_sf_fb-data'!$G14 -> 772 | C15: ='[12]GABM_R03_savannah_sf_fb-data'!$G14 -> 871 | D15: ='[13]GABM_R03_MitchellAPI_sf_fb-data'!$G14 -> 887 | E15: 1000 | F15: ='[15]GABM_R03_Terry_sf_fb-data'!$G14 -> 804 | G15: ='[16]R03_GABM_NiyoushaAPI_sf_fb-data'!$G14 -> 786 | H15: ='[17]GABM_R03_SudipaAPI_sf_fb-data'!$G14 -> 822 | I15: ='[18]GABM_R03_Terry_sf_fb_2-data'!$G14 -> 727 | J15: ='[19]GABM_R03_NavidAPI_sf_fb_2-data'!$G14 -> 867 | K15: ='[20]R03_GABM_NiyoushaAPI_sf_fb_2-da'!$G14 -> 916 | L15: =AVERAGE(B15:K15) -> 845.2 | N15: =A15 -> 12 | O15: =B15/1000 -> 0.772 | P15: =C15/1000 -> 0.871 | Q15: =D15/1000 -> 0.887 | R15: =E15/1000 -> 1 | S15: =F15/1000 -> 0.804 | T15: =G15/1000 -> 0.786 | U15: =H15/1000 -> 0.822 | V15: =I15/1000 -> 0.727 | ... Y15: =L15/1000 -> 0.8452
A16: 13 | B16: ='[11]GABM_R03_NavidAPI_sf_fb-data'!$G15 -> 723 | C16: ='[12]GABM_R03_savannah_sf_fb-data'!$G15 -> 821 | D16: ='[13]GABM_R03_MitchellAPI_sf_fb-data'!$G15 -> 847 | E16: 1000 | F16: ='[15]GABM_R03_Terry_sf_fb-data'!$G15 -> 725 | G16: ='[16]R03_GABM_NiyoushaAPI_sf_fb-data'!$G15 -> 727 | H16: ='[17]GABM_R03_SudipaAPI_sf_fb-data'!$G15 -> 769 | I16: ='[18]GABM_R03_Terry_sf_fb_2-data'!$G15 -> 674 | J16: ='[19]GABM_R03_NavidAPI_sf_fb_2-data'!$G15 -> 816 | K16: ='[20]R03_GABM_NiyoushaAPI_sf_fb_2-da'!$G15 -> 889 | L16: =AVERAGE(B16:K16) -> 799.1 | N16: =A16 -> 13 | O16: =B16/1000 -> 0.723 | P16: =C16/1000 -> 0.821 | Q16: =D16/1000 -> 0.847 | R16: =E16/1000 -> 1 | S16: =F16/1000 -> 0.725 | T16: =G16/1000 -> 0.727 | U16: =H16/1000 -> 0.769 | V16: =I16/1000 -> 0.674 | ... Y16: =L16/1000 -> 0.7991
A17: 14 | B17: ='[11]GABM_R03_NavidAPI_sf_fb-data'!$G16 -> 697 | C17: ='[12]GABM_R03_savannah_sf_fb-data'!$G16 -> 774 | D17: ='[13]GABM_R03_MitchellAPI_sf_fb-data'!$G16 -> 807 | E17: 1000 | F17: ='[15]GABM_R03_Terry_sf_fb-data'!$G16 -> 667 | G17: ='[16]R03_GABM_NiyoushaAPI_sf_fb-data'!$G16 -> 665 | H17: ='[17]GABM_R03_SudipaAPI_sf_fb-data'!$G16 -> 714 | I17: ='[18]GABM_R03_Terry_sf_fb_2-data'!$G16 -> 636 | J17: ='[19]GABM_R03_NavidAPI_sf_fb_2-data'!$G16 -> 769 | K17: ='[20]R03_GABM_NiyoushaAPI_sf_fb_2-da'!$G16 -> 843 | L17: =AVERAGE(B17:K17) -> 757.2 | N17: =A17 -> 14 | O17: =B17/1000 -> 0.697 | P17: =C17/1000 -> 0.774 | Q17: =D17/1000 -> 0.807 | R17: =E17/1000 -> 1 | S17: =F17/1000 -> 0.667 | T17: =G17/1000 -> 0.665 | U17: =H17/1000 -> 0.714 | V17: =I17/1000 -> 0.636 | ... Y17: =L17/1000 -> 0.7572
A18: 15 | B18: ='[11]GABM_R03_NavidAPI_sf_fb-data'!$G17 -> 670 | C18: ='[12]GABM_R03_savannah_sf_fb-data'!$G17 -> 721 | D18: ='[13]GABM_R03_MitchellAPI_sf_fb-data'!$G17 -> 756 | E18: 1000 | F18: ='[15]GABM_R03_Terry_sf_fb-data'!$G17 -> 634 | G18: ='[16]R03_GABM_NiyoushaAPI_sf_fb-data'!$G17 -> 608 | H18: ='[17]GABM_R03_SudipaAPI_sf_fb-data'!$G17 -> 674 | I18: ='[18]GABM_R03_Terry_sf_fb_2-data'!$G17 -> 626 | J18: ='[19]GABM_R03_NavidAPI_sf_fb_2-data'!$G17 -> 707 | K18: ='[20]R03_GABM_NiyoushaAPI_sf_fb_2-da'!$G17 -> 785 | L18: =AVERAGE(B18:K18) -> 718.1 | N18: =A18 -> 15 | O18: =B18/1000 -> 0.67 | P18: =C18/1000 -> 0.721 | Q18: =D18/1000 -> 0.756 | R18: =E18/1000 -> 1 | S18: =F18/1000 -> 0.634 | T18: =G18/1000 -> 0.608 | U18: =H18/1000 -> 0.674 | V18: =I18/1000 -> 0.626 | ... Y18: =L18/1000 -> 0.7181
A19: 16 | B19: ='[11]GABM_R03_NavidAPI_sf_fb-data'!$G18 -> 668 | C19: ='[12]GABM_R03_savannah_sf_fb-data'!$G18 -> 676 | D19: ='[13]GABM_R03_MitchellAPI_sf_fb-data'!$G18 -> 712 | E19: 1000 | F19: ='[15]GABM_R03_Terry_sf_fb-data'!$G18 -> 626 | G19: ='[16]R03_GABM_NiyoushaAPI_sf_fb-data'!$G18 -> 607 | H19: ='[17]GABM_R03_SudipaAPI_sf_fb-data'!$G18 -> 654 | I19: ='[18]GABM_R03_Terry_sf_fb_2-data'!$G18 -> 651 | J19: ='[19]GABM_R03_NavidAPI_sf_fb_2-data'!$G18 -> 687 | K19: ='[20]R03_GABM_NiyoushaAPI_sf_fb_2-da'!$G18 -> 717 | L19: =AVERAGE(B19:K19) -> 699.8 | N19: =A19 -> 16 | O19: =B19/1000 -> 0.668 | P19: =C19/1000 -> 0.676 | Q19: =D19/1000 -> 0.712 | R19: =E19/1000 -> 1 | S19: =F19/1000 -> 0.626 | T19: =G19/1000 -> 0.607 | U19: =H19/1000 -> 0.654 | V19: =I19/1000 -> 0.651 | ... Y19: =L19/1000 -> 0.6998
A20: 17 | B20: ='[11]GABM_R03_NavidAPI_sf_fb-data'!$G19 -> 703 | C20: ='[12]GABM_R03_savannah_sf_fb-data'!$G19 -> 660 | D20: ='[13]GABM_R03_MitchellAPI_sf_fb-data'!$G19 -> 684 | E20: 1000 | F20: ='[15]GABM_R03_Terry_sf_fb-data'!$G19 -> 685 | G20: ='[16]R03_GABM_NiyoushaAPI_sf_fb-data'!$G19 -> 625 | H20: ='[17]GABM_R03_SudipaAPI_sf_fb-data'!$G19 -> 659 | I20: ='[18]GABM_R03_Terry_sf_fb_2-data'!$G19 -> 692 | J20: ='[19]GABM_R03_NavidAPI_sf_fb_2-data'!$G19 -> 673 | K20: ='[20]R03_GABM_NiyoushaAPI_sf_fb_2-da'!$G19 -> 658 | L20: =AVERAGE(B20:K20) -> 703.9 | N20: =A20 -> 17 | O20: =B20/1000 -> 0.703 | P20: =C20/1000 -> 0.66 | Q20: =D20/1000 -> 0.684 | R20: =E20/1000 -> 1 | S20: =F20/1000 -> 0.685 | T20: =G20/1000 -> 0.625 | U20: =H20/1000 -> 0.659 | V20: =I20/1000 -> 0.692 | ... Y20: =L20/1000 -> 0.7039
A21: 18 | B21: ='[11]GABM_R03_NavidAPI_sf_fb-data'!$G20 -> 742 | C21: ='[12]GABM_R03_savannah_sf_fb-data'!$G20 -> 668 | D21: ='[13]GABM_R03_MitchellAPI_sf_fb-data'!$G20 -> 667 | E21: 1000 | F21: ='[15]GABM_R03_Terry_sf_fb-data'!$G20 -> 745 | G21: ='[16]R03_GABM_NiyoushaAPI_sf_fb-data'!$G20 -> 699 | H21: ='[17]GABM_R03_SudipaAPI_sf_fb-data'!$G20 -> 697 | I21: ='[18]GABM_R03_Terry_sf_fb_2-data'!$G20 -> 764 | J21: ='[19]GABM_R03_NavidAPI_sf_fb_2-data'!$G20 -> 690 | K21: ='[20]R03_GABM_NiyoushaAPI_sf_fb_2-da'!$G20 -> 629 | L21: =AVERAGE(B21:K21) -> 730.1 | N21: =A21 -> 18 | O21: =B21/1000 -> 0.742 | P21: =C21/1000 -> 0.668 | Q21: =D21/1000 -> 0.667 | R21: =E21/1000 -> 1 | S21: =F21/1000 -> 0.745 | T21: =G21/1000 -> 0.699 | U21: =H21/1000 -> 0.697 | V21: =I21/1000 -> 0.764 | ... Y21: =L21/1000 -> 0.7301
... A29: 26 | B29: ='[11]GABM_R03_NavidAPI_sf_fb-data'!$G28 -> 994 | C29: ='[12]GABM_R03_savannah_sf_fb-data'!$G28 -> 986 | D29: ='[13]GABM_R03_MitchellAPI_sf_fb-data'!$G28 -> 972 | E29: 1000 | F29: ='[15]GABM_R03_Terry_sf_fb-data'!$G28 -> 988 | G29: ='[16]R03_GABM_NiyoushaAPI_sf_fb-data'!$G28 -> 998 | H29: ='[17]GABM_R03_SudipaAPI_sf_fb-data'!$G28 -> 988 | I29: ='[18]GABM_R03_Terry_sf_fb_2-data'!$G28 -> 996 | J29: ='[19]GABM_R03_NavidAPI_sf_fb_2-data'!$G28 -> 992 | K29: ='[20]R03_GABM_NiyoushaAPI_sf_fb_2-da'!$G28 -> 974 | L29: =AVERAGE(B29:K29) -> 988.8 | N29: =A29 -> 26 | O29: =B29/1000 -> 0.994 | P29: =C29/1000 -> 0.986 | Q29: =D29/1000 -> 0.972 | R29: =E29/1000 -> 1 | S29: =F29/1000 -> 0.988 | T29: =G29/1000 -> 0.998 | U29: =H29/1000 -> 0.988 | V29: =I29/1000 -> 0.996 | ... Y29: =L29/1000 -> 0.9888
A30: 27 | B30: ='[11]GABM_R03_NavidAPI_sf_fb-data'!$G29 -> 997 | C30: ='[12]GABM_R03_savannah_sf_fb-data'!$G29 -> 991 | D30: ='[13]GABM_R03_MitchellAPI_sf_fb-data'!$G29 -> 980 | E30: 1000 | F30: ='[15]GABM_R03_Terry_sf_fb-data'!$G29 -> 993 | G30: 1000 | H30: ='[17]GABM_R03_SudipaAPI_sf_fb-data'!$G29 -> 991 | I30: ='[18]GABM_R03_Terry_sf_fb_2-data'!$G29 -> 996 | J30: ='[19]GABM_R03_NavidAPI_sf_fb_2-data'!$G29 -> 997 | K30: ='[20]R03_GABM_NiyoushaAPI_sf_fb_2-da'!$G29 -> 983 | L30: =AVERAGE(B30:K30) -> 992.8 | N30: =A30 -> 27 | O30: =B30/1000 -> 0.997 | P30: =C30/1000 -> 0.991 | Q30: =D30/1000 -> 0.98 | R30: =E30/1000 -> 1 | S30: =F30/1000 -> 0.993 | T30: =G30/1000 -> 1 | U30: =H30/1000 -> 0.991 | V30: =I30/1000 -> 0.996 | ... Y30: =L30/1000 -> 0.9928
A31: 28 | B31: ='[11]GABM_R03_NavidAPI_sf_fb-data'!$G30 -> 997 | C31: ='[12]GABM_R03_savannah_sf_fb-data'!$G30 -> 995 | D31: ='[13]GABM_R03_MitchellAPI_sf_fb-data'!$G30 -> 990 | E31: 1000 | F31: ='[15]GABM_R03_Terry_sf_fb-data'!$G30 -> 996 | G31: 1000 | H31: ='[17]GABM_R03_SudipaAPI_sf_fb-data'!$G30 -> 993 | I31: ='[18]GABM_R03_Terry_sf_fb_2-data'!$G30 -> 997 | J31: ='[19]GABM_R03_NavidAPI_sf_fb_2-data'!$G30 -> 999 | K31: ='[20]R03_GABM_NiyoushaAPI_sf_fb_2-da'!$G30 -> 989 | L31: =AVERAGE(B31:K31) -> 995.6 | N31: =A31 -> 28 | O31: =B31/1000 -> 0.997 | P31: =C31/1000 -> 0.995 | Q31: =D31/1000 -> 0.99 | R31: =E31/1000 -> 1 | S31: =F31/1000 -> 0.996 | T31: =G31/1000 -> 1 | U31: =H31/1000 -> 0.993 | V31: =I31/1000 -> 0.997 | ... Y31: =L31/1000 -> 0.9956
A32: 29 | B32: ='[11]GABM_R03_NavidAPI_sf_fb-data'!$G31 -> 996 | C32: ='[12]GABM_R03_savannah_sf_fb-data'!$G31 -> 999 | D32: ='[13]GABM_R03_MitchellAPI_sf_fb-data'!$G31 -> 994 | E32: 1000 | F32: ='[15]GABM_R03_Terry_sf_fb-data'!$G31 -> 998 | G32: 1000 | H32: ='[17]GABM_R03_SudipaAPI_sf_fb-data'!$G31 -> 996 | I32: ='[18]GABM_R03_Terry_sf_fb_2-data'!$G31 -> 997 | J32: 1000 | K32: ='[20]R03_GABM_NiyoushaAPI_sf_fb_2-da'!$G31 -> 993 | L32: =AVERAGE(B32:K32) -> 997.3 | N32: =A32 -> 29 | O32: =B32/1000 -> 0.996 | P32: =C32/1000 -> 0.999 | Q32: =D32/1000 -> 0.994 | R32: =E32/1000 -> 1 | S32: =F32/1000 -> 0.998 | T32: =G32/1000 -> 1 | U32: =H32/1000 -> 0.996 | V32: =I32/1000 -> 0.997 | ... Y32: =L32/1000 -> 0.9973
A33: 30 | B33: ='[11]GABM_R03_NavidAPI_sf_fb-data'!$G32 -> 997 | C33: 1000 | D33: ='[13]GABM_R03_MitchellAPI_sf_fb-data'!$G32 -> 997 | E33: 1000 | F33: ='[15]GABM_R03_Terry_sf_fb-data'!$G32 -> 999 | G33: 1000 | H33: ='[17]GABM_R03_SudipaAPI_sf_fb-data'!$G32 -> 997 | I33: ='[18]GABM_R03_Terry_sf_fb_2-data'!$G32 -> 998 | J33: 1000 | K33: ='[20]R03_GABM_NiyoushaAPI_sf_fb_2-da'!$G32 -> 996 | L33: =AVERAGE(B33:K33) -> 998.4 | N33: =A33 -> 30 | O33: =B33/1000 -> 0.997 | P33: =C33/1000 -> 1 | Q33: =D33/1000 -> 0.997 | R33: =E33/1000 -> 1 | S33: =F33/1000 -> 0.999 | T33: =G33/1000 -> 1 | U33: =H33/1000 -> 0.997 | V33: =I33/1000 -> 0.998 | ... Y33: =L33/1000 -> 0.9984
A34: 31 | B34: ='[11]GABM_R03_NavidAPI_sf_fb-data'!$G33 -> 999 | C34: 1000 | D34: ='[13]GABM_R03_MitchellAPI_sf_fb-data'!$G33 -> 999 | E34: 1000 | F34: 1000 | G34: 1000 | H34: ='[17]GABM_R03_SudipaAPI_sf_fb-data'!$G33 -> 998 | I34: ='[18]GABM_R03_Terry_sf_fb_2-data'!$G33 -> 999 | J34: 1000 | K34: ='[20]R03_GABM_NiyoushaAPI_sf_fb_2-da'!$G33 -> 997 | L34: =AVERAGE(B34:K34) -> 999.2 | N34: =A34 -> 31 | O34: =B34/1000 -> 0.999 | P34: =C34/1000 -> 1 | Q34: =D34/1000 -> 0.999 | R34: =E34/1000 -> 1 | S34: =F34/1000 -> 1 | T34: =G34/1000 -> 1 | U34: =H34/1000 -> 0.998 | V34: =I34/1000 -> 0.999 | ... Y34: =L34/1000 -> 0.9992
A35: 32 | B35: 1000 | C35: 1000 | D35: 1000 | E35: 1000 | F35: 1000 | G35: 1000 | H35: ='[17]GABM_R03_SudipaAPI_sf_fb-data'!$G34 -> 999 | I35: ='[18]GABM_R03_Terry_sf_fb_2-data'!$G34 -> 999 | J35: 1000 | K35: ='[20]R03_GABM_NiyoushaAPI_sf_fb_2-da'!$G34 -> 998 | L35: =AVERAGE(B35:K35) -> 999.6 | N35: =A35 -> 32 | O35: =B35/1000 -> 1 | P35: =C35/1000 -> 1 | Q35: =D35/1000 -> 1 | R35: =E35/1000 -> 1 | S35: =F35/1000 -> 1 | T35: =G35/1000 -> 1 | U35: =H35/1000 -> 0.999 | V35: =I35/1000 -> 0.999 | ... Y35: =L35/1000 -> 0.9996
A36: 33 | B36: 1000 | C36: 1000 | D36: 1000 | E36: 1000 | F36: 1000 | G36: 1000 | H36: ='[17]GABM_R03_SudipaAPI_sf_fb-data'!$G35 -> 999 | I36: 1000 | J36: 1000 | K36: ='[20]R03_GABM_NiyoushaAPI_sf_fb_2-da'!$G35 -> 999 | L36: =AVERAGE(B36:K36) -> 999.8 | N36: =A36 -> 33 | O36: =B36/1000 -> 1 | P36: =C36/1000 -> 1 | Q36: =D36/1000 -> 1 | R36: =E36/1000 -> 1 | S36: =F36/1000 -> 1 | T36: =G36/1000 -> 1 | U36: =H36/1000 -> 0.999 | V36: =I36/1000 -> 1 | ... Y36: =L36/1000 -> 0.9998
A37: 34 | B37: 1000 | C37: 1000 | D37: 1000 | E37: 1000 | F37: 1000 | G37: 1000 | H37: 1000 | I37: 1000 | J37: 1000 | K37: ='[20]R03_GABM_NiyoushaAPI_sf_fb_2-da'!$G36 -> 999 | L37: =AVERAGE(B37:K37) -> 999.9 | N37: =A37 -> 34 | O37: =B37/1000 -> 1 | P37: =C37/1000 -> 1 | Q37: =D37/1000 -> 1 | R37: =E37/1000 -> 1 | S37: =F37/1000 -> 1 | T37: =G37/1000 -> 1 | U37: =H37/1000 -> 1 | V37: =I37/1000 -> 1 | ... Y37: =L37/1000 -> 0.9999
N39: Average for 25ts | O39: =AVERAGE(O4:O28) -> 0.87564 | P39: =AVERAGE(P4:P28) -> 0.8762 | Q39: =AVERAGE(Q4:Q28) -> 0.87928 | R39: =AVERAGE(R4:R28) -> 0.99968 | S39: =AVERAGE(S4:S28) -> 0.8792 | T39: =AVERAGE(T4:T28) -> 0.87044 | U39: =AVERAGE(U4:U28) -> 0.87748 | V39: =AVERAGE(V4:V28) -> 0.87388 | ... X39: =AVERAGE(X4:X28) -> 0.87976
N41: Average of Average for 25ts | O41: =AVERAGE(O39:X39) -> 0.889028
C42: 350 | D42: =COUNTIF(B10:K37,1000) -> 60 | N42: Min run | O42: =MIN(O39:X39) -> 0.87044
D43: =C42-D42 -> 290 | N43: Max run | O43: =MAX(O39:X39) -> 0.99968
A44: Average number of ts | D44: =D43/10 -> 29
N46: Median of Average | O46: =MEDIAN(O39:X39) -> 0.8781
A47: TS | B47: =32-1 -> 31 | C47: 29 | D47: 31 | E47: 6 | F47: 30 | G47: 26 | H47: 33 | I47: 32 | J47: 28 | K47: 34 | N47: Low 10% | O47: =V39 -> 0.87388
N48: Top 10% | O48: =X39 -> 0.87976
A50: Median | B50: =MEDIAN(B47:K47) -> 30.5
A51: Bottom 10% | B51: 26
A52: Top 90% | B52: 33

Sheet # Out FF
A1: # Out per timestep | N1: # Out per timestep
A2: Time Step | B2: Run 1 | C2: Run 2 | D2: Run 3 | E2: Run 4 | F2: Run 5 | G2: Run 6 | H2: Run 7 | I2: Run 8 | J2: Run 9 | K2: Run 10 | L2: Average | N2: =A2 -> Time Step | O2: =B2 -> Run 1 | P2: =C2 -> Run 2 | Q2: =D2 -> Run 3 | R2: =E2 -> Run 4 | S2: =F2 -> Run 5 | T2: =G2 -> Run 6 | U2: =H2 -> Run 7 | ... Y2: =L2 -> Average
A3: 0 | B3: ='[21]R03_GABM-data'!$G2 -> 1000 | C3: ='[22]GABM_R03_RossAPI-data'!$G2 -> 1000 | D3: ='[23]GABM_R03_RandiAPI-data'!$G2 -> 1000 | E3: ='[24]GABM_R03_NavidAPI-data'!$G2 -> 1000 | F3: ='[25]GABM_R03_Terry-data'!$G2 -> 1000 | G3: ='[26]GABM_R03_SarahAPI-data'!$G2 -> 1000 | H3: ='[27]GABM_R03_savannah-data'!$G2 -> 1000 | I3: ='[28]GABM_R03_MitchellAPI-data'!$G2 -> 1000 | J3: ='[29]GABM_R03_SudipaAPI-data'!$G2 -> 1000 | K3: ='[30]R03_GABM_run2-data'!$G2 -> 1000 | L3: =AVERAGE(B3:K3) -> 1000 | N3: =A3 -> 0 | O3: =B3/1000 -> 1 | P3: =C3/1000 -> 1 | Q3: =D3/1000 -> 1 | R3: =E3/1000 -> 1 | S3: =F3/1000 -> 1 | T3: =G3/1000 -> 1 | U3: =H3/1000 -> 1 | V3: =I3/1000 -> 1 | ... Y3: =L3/1000 -> 1
A4: 1 | B4: ='[21]R03_GABM-data'!$G3 -> 998 | C4: ='[22]GABM_R03_RossAPI-data'!$G3 -> 996 | D4: ='[23]GABM_R03_RandiAPI-data'!$G3 -> 995 | E4: ='[24]GABM_R03_NavidAPI-data'!$G3 -> 998 | F4: ='[25]GABM_R03_Terry-data'!$G3 -> 997 | G4: ='[26]GABM_R03_SarahAPI-data'!$G3 -> 997 | H4: ='[27]GABM_R03_savannah-data'!$G3 -> 995 | I4: ='[28]GABM_R03_MitchellAPI-data'!$G3 -> 999 | J4: ='[29]GABM_R03_SudipaAPI-data'!$G3 -> 996 | K4: ='[30]R03_GABM_run2-data'!$G3 -> 998 | L4: =AVERAGE(B4:K4) -> 996.9 | N4: =A4 -> 1 | O4: =B4/1000 -> 0.998 | P4: =C4/1000 -> 0.996 | Q4: =D4/1000 -> 0.995 | R4: =E4/1000 -> 0.998 | S4: =F4/1000 -> 0.997 | T4: =G4/1000 -> 0.997 | U4: =H4/1000 -> 0.995 | V4: =I4/1000 -> 0.999 | ... Y4: =L4/1000 -> 0.9969
A5: 2 | B5: ='[21]R03_GABM-data'!$G4 -> 997 | C5: ='[22]GABM_R03_RossAPI-data'!$G4 -> 996 | D5: ='[23]GABM_R03_RandiAPI-data'!$G4 -> 994 | E5: ='[24]GABM_R03_NavidAPI-data'!$G4 -> 999 | F5: ='[25]GABM_R03_Terry-data'!$G4 -> 998 | G5: ='[26]GABM_R03_SarahAPI-data'!$G4 -> 997 | H5: ='[27]GABM_R03_savannah-data'!$G4 -> 997 | I5: ='[28]GABM_R03_MitchellAPI-data'!$G4 -> 998 | J5: ='[29]GABM_R03_SudipaAPI-data'!$G4 -> 997 | K5: ='[30]R03_GABM_run2-data'!$G4 -> 999 | L5: =AVERAGE(B5:K5) -> 997.2 | N5: =A5 -> 2 | O5: =B5/1000 -> 0.997 | P5: =C5/1000 -> 0.996 | Q5: =D5/1000 -> 0.994 | R5: =E5/1000 -> 0.999 | S5: =F5/1000 -> 0.998 | T5: =G5/1000 -> 0.997 | U5: =H5/1000 -> 0.997 | V5: =I5/1000 -> 0.998 | ... Y5: =L5/1000 -> 0.9972
A6: 3 | B6: ='[21]R03_GABM-data'!$G5 -> 999 | C6: ='[22]GABM_R03_RossAPI-data'!$G5 -> 998 | D6: ='[23]GABM_R03_RandiAPI-data'!$G5 -> 994 | E6: ='[24]GABM_R03_NavidAPI-data'!$G5 -> 999 | F6: ='[25]GABM_R03_Terry-data'!$G5 -> 996 | G6: ='[26]GABM_R03_SarahAPI-data'!$G5 -> 997 | H6: ='[27]GABM_R03_savannah-data'!$G5 -> 997 | I6: ='[28]GABM_R03_MitchellAPI-data'!$G5 -> 999 | J6: ='[29]GABM_R03_SudipaAPI-data'!$G5 -> 995 | K6: ='[30]R03_GABM_run2-data'!$G5 -> 999 | L6: =AVERAGE(B6:K6) -> 997.3 | N6: =A6 -> 3 | O6: =B6/1000 -> 0.999 | P6: =C6/1000 -> 0.998 | Q6: =D6/1000 -> 0.994 | R6: =E6/1000 -> 0.999 | S6: =F6/1000 -> 0.996 | T6: =G6/1000 -> 0.997 | U6: =H6/1000 -> 0.997 | V6: =I6/1000 -> 0.999 | ... Y6: =L6/1000 -> 0.9973
A7: 4 | B7: ='[21]R03_GABM-data'!$G6 -> 782 | C7: ='[22]GABM_R03_RossAPI-data'!$G6 -> 796 | D7: ='[23]GABM_R03_RandiAPI-data'!$G6 -> 775 | E7: ='[24]GABM_R03_NavidAPI-data'!$G6 -> 791 | F7: ='[25]GABM_R03_Terry-data'!$G6 -> 787 | G7: ='[26]GABM_R03_SarahAPI-data'!$G6 -> 793 | H7: ='[27]GABM_R03_savannah-data'!$G6 -> 775 | I7: ='[28]GABM_R03_MitchellAPI-data'!$G6 -> 784 | J7: ='[29]GABM_R03_SudipaAPI-data'!$G6 -> 783 | K7: ='[30]R03_GABM_run2-data'!$G6 -> 788 | L7: =AVERAGE(B7:K7) -> 785.4 | N7: =A7 -> 4 | O7: =B7/1000 -> 0.782 | P7: =C7/1000 -> 0.796 | Q7: =D7/1000 -> 0.775 | R7: =E7/1000 -> 0.791 | S7: =F7/1000 -> 0.787 | T7: =G7/1000 -> 0.793 | U7: =H7/1000 -> 0.775 | V7: =I7/1000 -> 0.784 | ... Y7: =L7/1000 -> 0.7854
A8: 5 | B8: ='[21]R03_GABM-data'!$G7 -> 771 | C8: ='[22]GABM_R03_RossAPI-data'!$G7 -> 807 | D8: ='[23]GABM_R03_RandiAPI-data'!$G7 -> 786 | E8: ='[24]GABM_R03_NavidAPI-data'!$G7 -> 995 | F8: ='[25]GABM_R03_Terry-data'!$G7 -> 794 | G8: ='[26]GABM_R03_SarahAPI-data'!$G7 -> 995 | H8: ='[27]GABM_R03_savannah-data'!$G7 -> 803 | I8: ='[28]GABM_R03_MitchellAPI-data'!$G7 -> 762 | J8: ='[29]GABM_R03_SudipaAPI-data'!$G7 -> 772 | K8: ='[30]R03_GABM_run2-data'!$G7 -> 570 | L8: =AVERAGE(B8:K8) -> 805.5 | N8: =A8 -> 5 | O8: =B8/1000 -> 0.771 | P8: =C8/1000 -> 0.807 | Q8: =D8/1000 -> 0.786 | R8: =E8/1000 -> 0.995 | S8: =F8/1000 -> 0.794 | T8: =G8/1000 -> 0.995 | U8: =H8/1000 -> 0.803 | V8: =I8/1000 -> 0.762 | ... Y8: =L8/1000 -> 0.8055
A9: 6 | B9: ='[21]R03_GABM-data'!$G8 -> 710 | C9: ='[22]GABM_R03_RossAPI-data'!$G8 -> 795 | D9: ='[23]GABM_R03_RandiAPI-data'!$G8 -> 532 | E9: ='[24]GABM_R03_NavidAPI-data'!$G8 -> 766 | F9: ='[25]GABM_R03_Terry-data'!$G8 -> 533 | G9: ='[26]GABM_R03_SarahAPI-data'!$G8 -> 802 | H9: ='[27]GABM_R03_savannah-data'!$G8 -> 772 | I9: ='[28]GABM_R03_MitchellAPI-data'!$G8 -> 769 | J9: ='[29]GABM_R03_SudipaAPI-data'!$G8 -> 778 | K9: ='[30]R03_GABM_run2-data'!$G8 -> 752 | L9: =AVERAGE(B9:K9) -> 720.9 | N9: =A9 -> 6 | O9: =B9/1000 -> 0.71 | P9: =C9/1000 -> 0.795 | Q9: =D9/1000 -> 0.532 | R9: =E9/1000 -> 0.766 | S9: =F9/1000 -> 0.533 | T9: =G9/1000 -> 0.802 | U9: =H9/1000 -> 0.772 | V9: =I9/1000 -> 0.769 | ... Y9: =L9/1000 -> 0.7209
A10: 7 | B10: ='[21]R03_GABM-data'!$G9 -> 658 | C10: ='[22]GABM_R03_RossAPI-data'!$G9 -> 842 | D10: ='[23]GABM_R03_RandiAPI-data'!$G9 -> 713 | E10: ='[24]GABM_R03_NavidAPI-data'!$G9 -> 687 | F10: ='[25]GABM_R03_Terry-data'!$G9 -> 748 | G10: ='[26]GABM_R03_SarahAPI-data'!$G9 -> 794 | H10: ='[27]GABM_R03_savannah-data'!$G9 -> 550 | I10: ='[28]GABM_R03_MitchellAPI-data'!$G9 -> 672 | J10: ='[29]GABM_R03_SudipaAPI-data'!$G9 -> 571 | K10: ='[30]R03_GABM_run2-data'!$G9 -> 551 | L10: =AVERAGE(B10:K10) -> 678.6 | N10: =A10 -> 7 | O10: =B10/1000 -> 0.658 | P10: =C10/1000 -> 0.842 | Q10: =D10/1000 -> 0.713 | R10: =E10/1000 -> 0.687 | S10: =F10/1000 -> 0.748 | T10: =G10/1000 -> 0.794 | U10: =H10/1000 -> 0.55 | V10: =I10/1000 -> 0.672 | ... Y10: =L10/1000 -> 0.6786
A11: 8 | B11: ='[21]R03_GABM-data'!$G10 -> 453 | C11: ='[22]GABM_R03_RossAPI-data'!$G10 -> 458 | D11: ='[23]GABM_R03_RandiAPI-data'!$G10 -> 759 | E11: ='[24]GABM_R03_NavidAPI-data'!$G10 -> 745 | F11: ='[25]GABM_R03_Terry-data'!$G10 -> 685 | G11: ='[26]GABM_R03_SarahAPI-data'!$G10 -> 782 | H11: ='[27]GABM_R03_savannah-data'!$G10 -> 767 | I11: ='[28]GABM_R03_MitchellAPI-data'!$G10 -> 691 | J11: ='[29]GABM_R03_SudipaAPI-data'!$G10 -> 788 | K11: ='[30]R03_GABM_run2-data'!$G10 -> 556 | L11: =AVERAGE(B11:K11) -> 668.4 | N11: =A11 -> 8 | O11: =B11/1000 -> 0.453 | P11: =C11/1000 -> 0.458 | Q11: =D11/1000 -> 0.759 | R11: =E11/1000 -> 0.745 | S11: =F11/1000 -> 0.685 | T11: =G11/1000 -> 0.782 | U11: =H11/1000 -> 0.767 | V11: =I11/1000 -> 0.691 | ... Y11: =L11/1000 -> 0.6684
A12: 9 | B12: ='[21]R03_GABM-data'!$G11 -> 346 | C12: ='[22]GABM_R03_RossAPI-data'!$G11 -> 382 | D12: ='[23]GABM_R03_RandiAPI-data'!$G11 -> 755 | E12: ='[24]GABM_R03_NavidAPI-data'!$G11 -> 484 | F12: ='[25]GABM_R03_Terry-data'!$G11 -> 841 | G12: ='[26]GABM_R03_SarahAPI-data'!$G11 -> 702 | H12: ='[27]GABM_R03_savannah-data'!$G11 -> 766 | I12: ='[28]GABM_R03_MitchellAPI-data'!$G11 -> 460 | J12: ='[29]GABM_R03_SudipaAPI-data'!$G11 -> 804 | K12: ='[30]R03_GABM_run2-data'!$G11 -> 777 | L12: =AVERAGE(B12:K12) -> 631.7 | N12: =A12 -> 9 | O12: =B12/1000 -> 0.346 | P12: =C12/1000 -> 0.382 | Q12: =D12/1000 -> 0.755 | R12: =E12/1000 -> 0.484 | S12: =F12/1000 -> 0.841 | T12: =G12/1000 -> 0.702 | U12: =H12/1000 -> 0.766 | V12: =I12/1000 -> 0.46 | ... Y12: =L12/1000 -> 0.6317
A13: 10 | B13: ='[21]R03_GABM-data'!$G12 -> 511 | C13: ='[22]GABM_R03_RossAPI-data'!$G12 -> 530 | D13: ='[23]GABM_R03_RandiAPI-data'!$G12 -> 722 | E13: ='[24]GABM_R03_NavidAPI-data'!$G12 -> 345 | F13: ='[25]GABM_R03_Terry-data'!$G12 -> 847 | G13: ='[26]GABM_R03_SarahAPI-data'!$G12 -> 787 | H13: ='[27]GABM_R03_savannah-data'!$G12 -> 551 | I13: ='[28]GABM_R03_MitchellAPI-data'!$G12 -> 458 | J13: ='[29]GABM_R03_SudipaAPI-data'!$G12 -> 757 | K13: ='[30]R03_GABM_run2-data'!$G12 -> 795 | L13: =AVERAGE(B13:K13) -> 630.3 | N13: =A13 -> 10 | O13: =B13/1000 -> 0.511 | P13: =C13/1000 -> 0.53 | Q13: =D13/1000 -> 0.722 | R13: =E13/1000 -> 0.345 | S13: =F13/1000 -> 0.847 | T13: =G13/1000 -> 0.787 | U13: =H13/1000 -> 0.551 | V13: =I13/1000 -> 0.458 | ... Y13: =L13/1000 -> 0.6303
A14: 11 | B14: ='[21]R03_GABM-data'!$G13 -> 447 | C14: ='[22]GABM_R03_RossAPI-data'!$G13 -> 284 | D14: ='[23]GABM_R03_RandiAPI-data'!$G13 -> 536 | E14: ='[24]GABM_R03_NavidAPI-data'!$G13 -> 335 | F14: ='[25]GABM_R03_Terry-data'!$G13 -> 686 | G14: ='[26]GABM_R03_SarahAPI-data'!$G13 -> 829 | H14: ='[27]GABM_R03_savannah-data'!$G13 -> 759 | I14: ='[28]GABM_R03_MitchellAPI-data'!$G13 -> 460 | J14: ='[29]GABM_R03_SudipaAPI-data'!$G13 -> 756 | K14: ='[30]R03_GABM_run2-data'!$G13 -> 786 | L14: =AVERAGE(B14:K14) -> 587.8 | N14: =A14 -> 11 | O14: =B14/1000 -> 0.447 | P14: =C14/1000 -> 0.284 | Q14: =D14/1000 -> 0.536 | R14: =E14/1000 -> 0.335 | S14: =F14/1000 -> 0.686 | T14: =G14/1000 -> 0.829 | U14: =H14/1000 -> 0.759 | V14: =I14/1000 -> 0.46 | ... Y14: =L14/1000 -> 0.5878
... A56: 53 | B56: ='[21]R03_GABM-data'!$G55 -> 712 | C56: ='[22]GABM_R03_RossAPI-data'!$G55 -> 777 | D56: ='[23]GABM_R03_RandiAPI-data'!$G55 -> 993 | E56: ='[24]GABM_R03_NavidAPI-data'!$G55 -> 796 | F56: ='[25]GABM_R03_Terry-data'!$G55 -> 997 | G56: ='[26]GABM_R03_SarahAPI-data'!$G55 -> 545 | H56: ='[27]GABM_R03_savannah-data'!$G55 -> 747 | I56: ='[28]GABM_R03_MitchellAPI-data'!$G55 -> 859 | J56: ='[29]GABM_R03_SudipaAPI-data'!$G55 -> 744 | K56: ='[30]R03_GABM_run2-data'!$G55 -> 999 | L56: =AVERAGE(B56:K56) -> 816.9 | N56: =A56 -> 53 | O56: =B56/1000 -> 0.712 | P56: =C56/1000 -> 0.777 | Q56: =D56/1000 -> 0.993 | R56: =E56/1000 -> 0.796 | S56: =F56/1000 -> 0.997 | T56: =G56/1000 -> 0.545 | U56: =H56/1000 -> 0.747 | V56: =I56/1000 -> 0.859 | ... Y56: =L56/1000 -> 0.8169
